Month,Borough,Community District (CD),Borough Consultation Total SNAP Recipients,Borough Consultation Total SNAP Households,Borough Consultation Total Cash Assistance Recipients,Borough Consultation Total Cash Assistance Cases,Borough Consultation Total Medicaid Only Enrollees,Borough Consultation Total Medicaid Enrollees
09/01/2018,Bronx,B01,"45,575","23,980","13,357","6,883","15,229","38,812"
09/01/2018,Bronx,B02,"22,974","12,277","7,043","3,476","7,001","19,231"
09/01/2018,Bronx,B03,"42,384","22,379","12,901","6,632","12,512","34,441"
09/01/2018,Bronx,B04,"59,231","32,012","16,904","8,323","21,856","51,012"
09/01/2018,Bronx,B05,"58,005","30,913","17,268","8,783","19,378","47,884"
09/01/2018,Bronx,B06,"39,784","20,964","14,218","6,801","11,148","33,520"
09/01/2018,Bronx,B07,"48,003","26,293","13,064","6,698","19,347","43,054"
09/01/2018,Bronx,B08,"16,716","9,851","3,230","1,678","8,876","16,919"
09/01/2018,Bronx,B09,"54,113","29,193","13,743","6,718","22,259","48,762"
09/01/2018,Bronx,B10,"17,627","10,637","3,595","1,866","9,302","17,799"
09/01/2018,Bronx,B11,"24,271","13,877","5,708","3,069","12,857","25,627"
09/01/2018,Bronx,B12,"37,611","20,363","12,538","6,186","16,525","37,643"
09/01/2018,Brooklyn,K01,"52,715","20,495","6,632","2,519","32,525","47,250"
09/01/2018,Brooklyn,K02,"13,791","9,070","2,973","1,904","6,873","13,308"
09/01/2018,Brooklyn,K03,"45,971","24,357","10,083","5,217","19,812","38,305"
09/01/2018,Brooklyn,K04,"26,548","15,640","4,563","2,478","14,462","25,036"
09/01/2018,Brooklyn,K05,"63,518","35,199","14,169","7,332","25,539","51,870"
09/01/2018,Brooklyn,K06,"9,973","6,431","1,818","1,091","5,389","10,067"
09/01/2018,Brooklyn,K07,"23,563","13,326","3,210","1,884","22,773","31,629"
09/01/2018,Brooklyn,K08,"21,624","13,495","5,359","3,139","10,221","20,137"
09/01/2018,Brooklyn,K09,"21,469","12,636","4,052","2,373","13,465","21,855"
09/01/2018,Brooklyn,K10,"17,422","9,843","1,748","1,163","16,297","22,843"
09/01/2018,Brooklyn,K11,"38,010","21,758","3,176","1,912","29,835","44,645"
09/01/2018,Brooklyn,K12,"63,664","20,755","10,144","2,490","45,381","63,581"
09/01/2018,Brooklyn,K13,"33,044","21,261","4,735","2,367","15,232","32,854"
09/01/2018,Brooklyn,K14,"33,345","18,925","4,552","2,611","22,522","35,344"
09/01/2018,Brooklyn,K15,"28,852","17,402","3,117","1,680","19,502","32,163"
09/01/2018,Brooklyn,K16,"36,694","20,127","11,922","5,800","11,715","30,234"
09/01/2018,Brooklyn,K17,"31,305","19,133","7,497","4,331","19,399","32,769"
09/01/2018,Brooklyn,K18,"28,165","16,579","5,399","2,884","18,716","30,532"
09/01/2018,Manhattan,M01,"2,245","1,762",685,553,"1,562","2,995"
09/01/2018,Manhattan,M02,"3,170","2,481",288,266,"2,902","4,313"
09/01/2018,Manhattan,M03,"37,948","25,250","6,099","4,078","23,361","42,738"
09/01/2018,Manhattan,M04,"11,664","8,750","2,949","2,143","6,142","12,871"
09/01/2018,Manhattan,M05,"4,236","3,255","3,116","1,737","1,815","5,857"
09/01/2018,Manhattan,M06,"4,909","4,200","1,016",910,"3,288","5,947"
09/01/2018,Manhattan,M07,"16,486","12,354","3,578","2,462","8,682","17,672"
09/01/2018,Manhattan,M08,"5,626","4,447",780,566,"4,902","8,033"
09/01/2018,Manhattan,M09,"23,051","14,859","5,070","3,074","11,424","22,611"
09/01/2018,Manhattan,M10,"34,404","21,425","8,762","5,276","13,404","30,019"
09/01/2018,Manhattan,M11,"43,308","26,502","10,043","5,972","17,665","39,572"
09/01/2018,Manhattan,M12,"49,147","32,704","6,400","4,081","26,580","48,060"
09/01/2018,Queens,Q01,"22,894","13,500","3,933","2,224","20,037","29,791"
09/01/2018,Queens,Q02,"10,997","6,764","1,498","1,019","14,690","19,157"
09/01/2018,Queens,Q03,"26,817","15,130","2,806","1,715","30,141","38,613"
09/01/2018,Queens,Q04,"27,631","15,677","2,620","1,687","32,130","41,418"
09/01/2018,Queens,Q05,"19,120","10,848","1,995","1,265","16,213","22,459"
09/01/2018,Queens,Q06,"10,223","7,008",779,530,"8,454","12,932"
09/01/2018,Queens,Q07,"26,410","17,168","3,348","2,309","33,776","45,759"
09/01/2018,Queens,Q08,"17,920","10,546","3,108","1,948","15,889","23,485"
09/01/2018,Queens,Q09,"22,826","12,718","3,013","1,828","18,392","26,431"
09/01/2018,Queens,Q10,"16,276","9,519","2,585","1,504","13,513","19,583"
09/01/2018,Queens,Q11,"6,481","4,333",694,495,"9,047","12,095"
09/01/2018,Queens,Q12,"45,153","26,659","10,161","5,957","26,548","44,155"
09/01/2018,Queens,Q13,"19,413","12,250","3,727","2,362","15,794","23,794"
09/01/2018,Queens,Q14,"29,212","15,671","7,976","3,578","11,839","26,987"
09/01/2018,Staten_Island,S01,"38,119","19,881","11,007","5,086","18,481","37,499"
09/01/2018,Staten_Island,S02,"14,114","8,325","2,297","1,304","12,031","18,537"
09/01/2018,Staten_Island,S03,"9,883","6,229","1,121",711,"8,549","12,488"
12/01/2018,Bronx,B01,"43,641","23,307","13,232","6,816","14,637","37,817"
12/01/2018,Bronx,B02,"21,554","11,736","6,705","3,332","6,780","18,552"
12/01/2018,Bronx,B03,"40,500","21,814","12,970","6,663","12,045","33,823"
12/01/2018,Bronx,B04,"55,973","30,618","16,763","8,275","21,125","49,838"
12/01/2018,Bronx,B05,"54,018","29,318","16,936","8,606","18,579","46,476"
12/01/2018,Bronx,B06,"38,141","20,394","14,007","6,725","10,821","32,775"
12/01/2018,Bronx,B07,"44,791","25,235","12,909","6,638","18,677","41,983"
12/01/2018,Bronx,B08,"15,859","9,523","3,200","1,661","8,636","16,600"
12/01/2018,Bronx,B09,"51,447","28,001","13,646","6,658","21,456","47,609"
12/01/2018,Bronx,B10,"17,421","10,544","3,653","1,889","8,995","17,480"
12/01/2018,Bronx,B11,"23,286","13,534","5,667","3,031","12,456","25,039"
12/01/2018,Bronx,B12,"36,510","19,927","12,372","6,096","16,008","36,717"
12/01/2018,Brooklyn,K01,"50,611","19,968","6,706","2,494","31,503","46,146"
12/01/2018,Brooklyn,K02,"13,105","8,806","3,008","1,909","6,648","13,000"
12/01/2018,Brooklyn,K03,"43,051","23,061","9,953","5,114","19,153","37,314"
12/01/2018,Brooklyn,K04,"23,790","14,371","4,404","2,399","13,922","24,215"
12/01/2018,Brooklyn,K05,"61,878","34,785","14,087","7,277","24,473","50,351"
12/01/2018,Brooklyn,K06,"9,752","6,452","1,803","1,080","5,188","9,795"
12/01/2018,Brooklyn,K07,"21,169","12,330","3,103","1,825","21,458","30,111"
12/01/2018,Brooklyn,K08,"19,932","12,626","5,077","2,996","9,936","19,530"
12/01/2018,Brooklyn,K09,"20,104","12,156","3,985","2,323","13,023","21,333"
12/01/2018,Brooklyn,K10,"16,550","9,611","1,790","1,158","15,555","22,074"
12/01/2018,Brooklyn,K11,"35,305","20,694","3,096","1,892","28,429","43,031"
12/01/2018,Brooklyn,K12,"59,507","19,431","10,040","2,473","43,360","61,255"
12/01/2018,Brooklyn,K13,"31,486","20,837","4,683","2,343","14,848","32,285"
12/01/2018,Brooklyn,K14,"30,466","17,745","4,311","2,484","21,705","34,189"
12/01/2018,Brooklyn,K15,"27,601","17,010","3,040","1,658","18,892","31,380"
12/01/2018,Brooklyn,K16,"36,343","20,081","11,997","5,745","11,297","29,663"
12/01/2018,Brooklyn,K17,"29,471","18,464","7,435","4,332","18,825","32,023"
12/01/2018,Brooklyn,K18,"27,371","16,380","5,349","2,877","17,949","29,643"
12/01/2018,Manhattan,M01,"2,091","1,680",653,539,"1,538","2,930"
12/01/2018,Manhattan,M02,"2,937","2,333",275,260,"2,817","4,196"
12/01/2018,Manhattan,M03,"36,068","24,511","5,871","3,934","22,811","41,785"
12/01/2018,Manhattan,M04,"11,529","8,671","2,863","2,089","6,038","12,661"
12/01/2018,Manhattan,M05,"5,707","3,829","3,155","1,751","1,814","5,888"
12/01/2018,Manhattan,M06,"4,983","4,314",951,871,"3,274","5,860"
12/01/2018,Manhattan,M07,"16,080","12,068","3,431","2,371","8,637","17,429"
12/01/2018,Manhattan,M08,"5,490","4,367",706,531,"4,849","7,864"
12/01/2018,Manhattan,M09,"21,830","14,223","4,888","2,996","11,163","22,101"
12/01/2018,Manhattan,M10,"32,765","20,732","8,648","5,226","13,073","29,454"
12/01/2018,Manhattan,M11,"41,649","25,977","9,770","5,799","17,240","38,761"
12/01/2018,Manhattan,M12,"45,582","30,979","6,195","3,989","25,776","46,791"
12/01/2018,Queens,Q01,"21,830","13,067","3,860","2,182","19,169","28,804"
12/01/2018,Queens,Q02,"10,534","6,621","1,651","1,056","14,091","18,685"
12/01/2018,Queens,Q03,"23,959","13,722","2,717","1,661","28,855","37,214"
12/01/2018,Queens,Q04,"25,154","14,573","2,574","1,655","30,536","39,751"
12/01/2018,Queens,Q05,"17,539","10,258","1,919","1,225","15,497","21,651"
12/01/2018,Queens,Q06,"9,871","6,860",752,521,"8,091","12,536"
12/01/2018,Queens,Q07,"25,456","16,689","3,412","2,316","32,068","44,061"
12/01/2018,Queens,Q08,"17,087","10,305","3,125","1,963","15,201","22,779"
12/01/2018,Queens,Q09,"21,275","12,212","2,974","1,806","17,524","25,473"
12/01/2018,Queens,Q10,"15,609","9,359","2,443","1,426","12,946","18,875"
12/01/2018,Queens,Q11,"6,319","4,312",707,507,"8,659","11,692"
12/01/2018,Queens,Q12,"42,784","25,723","10,005","5,889","25,437","42,852"
12/01/2018,Queens,Q13,"18,536","11,837","3,525","2,270","15,195","22,987"
12/01/2018,Queens,Q14,"28,537","15,315","7,844","3,486","11,413","26,315"
12/01/2018,Staten_Island,S01,"36,386","19,289","10,953","5,085","17,837","36,633"
12/01/2018,Staten_Island,S02,"13,799","8,226","2,327","1,326","11,730","18,215"
12/01/2018,Staten_Island,S03,"9,771","6,233","1,141",709,"8,324","12,279"
03/01/2019,Bronx,B01,"43,127","23,086","13,147","6,789","14,227","37,376"
03/01/2019,Bronx,B02,"21,203","11,531","6,704","3,347","6,607","18,428"
03/01/2019,Bronx,B03,"40,628","21,829","12,909","6,606","11,831","33,692"
03/01/2019,Bronx,B04,"55,067","30,205","16,539","8,220","20,513","49,003"
03/01/2019,Bronx,B05,"53,602","29,021","16,601","8,401","18,204","45,855"
03/01/2019,Bronx,B06,"37,803","20,308","13,834","6,715","10,605","32,493"
03/01/2019,Bronx,B07,"44,357","25,149","12,601","6,540","18,255","41,320"
03/01/2019,Bronx,B08,"15,705","9,398","3,131","1,618","8,481","16,352"
03/01/2019,Bronx,B09,"50,759","27,846","13,331","6,594","20,982","46,869"
03/01/2019,Bronx,B10,"17,192","10,490","3,621","1,877","8,777","17,193"
03/01/2019,Bronx,B11,"23,107","13,461","5,568","2,999","12,189","24,649"
03/01/2019,Bronx,B12,"36,142","19,757","12,215","6,029","15,687","36,293"
03/01/2019,Brooklyn,K01,"50,622","19,950","6,619","2,482","30,605","45,093"
03/01/2019,Brooklyn,K02,"13,107","8,806","2,911","1,866","6,563","12,826"
03/01/2019,Brooklyn,K03,"42,916","22,991","9,683","5,020","18,823","36,799"
03/01/2019,Brooklyn,K04,"23,579","14,304","4,376","2,370","13,497","23,719"
03/01/2019,Brooklyn,K05,"61,594","34,850","13,929","7,234","24,007","49,825"
03/01/2019,Brooklyn,K06,"9,712","6,488","1,862","1,157","5,099","9,743"
03/01/2019,Brooklyn,K07,"20,782","12,182","3,041","1,826","20,690","29,192"
03/01/2019,Brooklyn,K08,"19,772","12,636","4,984","2,978","9,744","19,256"
03/01/2019,Brooklyn,K09,"19,898","12,076","3,932","2,333","12,763","21,021"
03/01/2019,Brooklyn,K10,"16,441","9,635","1,791","1,168","15,016","21,491"
03/01/2019,Brooklyn,K11,"34,870","20,563","2,981","1,818","27,657","42,009"
03/01/2019,Brooklyn,K12,"59,370","19,344","9,770","2,400","42,093","59,745"
03/01/2019,Brooklyn,K13,"31,388","20,782","4,624","2,296","14,554","31,794"
03/01/2019,Brooklyn,K14,"29,935","17,531","4,289","2,454","21,219","33,572"
03/01/2019,Brooklyn,K15,"27,338","16,964","3,035","1,684","18,438","30,790"
03/01/2019,Brooklyn,K16,"36,292","20,171","11,689","5,707","11,076","29,304"
03/01/2019,Brooklyn,K17,"29,409","18,576","7,317","4,298","18,443","31,529"
03/01/2019,Brooklyn,K18,"27,326","16,368","5,287","2,843","17,638","29,289"
03/01/2019,Manhattan,M01,"2,178","1,749",737,623,"1,516","2,979"
03/01/2019,Manhattan,M02,"2,853","2,306",274,263,"2,757","4,109"
03/01/2019,Manhattan,M03,"35,791","24,382","5,915","3,976","22,281","41,205"
03/01/2019,Manhattan,M04,"11,565","8,657","2,922","2,098","5,977","12,668"
03/01/2019,Manhattan,M05,"5,561","3,803","3,151","1,784","1,801","5,903"
03/01/2019,Manhattan,M06,"5,011","4,359",981,893,"3,291","5,902"
03/01/2019,Manhattan,M07,"16,007","12,027","3,440","2,385","8,486","17,263"
03/01/2019,Manhattan,M08,"5,384","4,306",720,546,"4,782","7,779"
03/01/2019,Manhattan,M09,"21,433","14,030","4,790","2,946","10,955","21,761"
03/01/2019,Manhattan,M10,"32,129","20,429","8,359","5,120","12,839","28,986"
03/01/2019,Manhattan,M11,"41,032","25,777","9,590","5,782","16,945","38,387"
03/01/2019,Manhattan,M12,"44,388","30,298","6,031","3,874","25,004","45,639"
03/01/2019,Queens,Q01,"21,767","12,980","3,806","2,169","18,565","28,110"
03/01/2019,Queens,Q02,"10,552","6,600","1,663","1,048","13,670","18,236"
03/01/2019,Queens,Q03,"23,341","13,405","2,631","1,635","28,062","36,228"
03/01/2019,Queens,Q04,"24,662","14,335","2,467","1,619","29,606","38,604"
03/01/2019,Queens,Q05,"17,263","10,144","1,878","1,201","15,051","21,069"
03/01/2019,Queens,Q06,"9,883","6,869",750,528,"7,918","12,321"
03/01/2019,Queens,Q07,"25,320","16,651","3,323","2,280","31,209","43,013"
03/01/2019,Queens,Q08,"17,063","10,338","3,088","1,939","14,896","22,385"
03/01/2019,Queens,Q09,"20,744","12,013","2,849","1,755","16,963","24,697"
03/01/2019,Queens,Q10,"15,396","9,331","2,502","1,458","12,528","18,492"
03/01/2019,Queens,Q11,"6,403","4,351",715,514,"8,435","11,441"
03/01/2019,Queens,Q12,"42,290","25,688","9,787","5,854","24,908","42,208"
03/01/2019,Queens,Q13,"18,552","11,933","3,550","2,321","14,849","22,641"
03/01/2019,Queens,Q14,"28,643","15,390","7,767","3,468","11,194","26,067"
03/01/2019,Staten_Island,S01,"35,940","19,122","11,002","5,122","17,487","36,216"
03/01/2019,Staten_Island,S02,"13,728","8,183","2,330","1,345","11,504","17,932"
03/01/2019,Staten_Island,S03,"9,744","6,233","1,182",726,"8,175","12,109"
06/01/2019,Bronx,B01,"42,338","22,839","12,465","6,620","14,275","38,422"
06/01/2019,Bronx,B02,"20,737","11,386","6,330","3,279","6,447","18,891"
06/01/2019,Bronx,B03,"39,878","21,657","12,340","6,462","12,353","35,477"
06/01/2019,Bronx,B04,"53,554","29,604","15,439","7,902","19,349","48,305"
06/01/2019,Bronx,B05,"51,850","28,291","15,993","8,201","16,997","45,337"
06/01/2019,Bronx,B06,"37,212","20,093","13,071","6,556","10,376","33,951"
06/01/2019,Bronx,B07,"43,266","24,741","12,533","6,614","16,582","39,853"
06/01/2019,Bronx,B08,"15,289","9,180","3,089","1,626","8,669","16,176"
06/01/2019,Bronx,B09,"49,754","27,386","13,121","6,617","20,394","46,276"
06/01/2019,Bronx,B10,"16,979","10,433","3,569","1,906","8,984","17,032"
06/01/2019,Bronx,B11,"22,585","13,222","5,595","3,015","11,469","23,481"
06/01/2019,Bronx,B12,"35,595","19,530","12,288","6,121","13,104","34,284"
06/01/2019,Brooklyn,K01,"49,688","19,692","6,367","2,435","33,767","46,880"
06/01/2019,Brooklyn,K02,"12,707","8,585","2,948","1,856","6,567","13,278"
06/01/2019,Brooklyn,K03,"42,175","22,689","9,623","5,056","18,651","37,926"
06/01/2019,Brooklyn,K04,"22,898","13,944","3,895","2,193","11,194","21,504"
06/01/2019,Brooklyn,K05,"60,158","34,349","13,583","7,111","23,716","51,739"
06/01/2019,Brooklyn,K06,"9,682","6,506","1,835","1,124","4,934","9,793"
06/01/2019,Brooklyn,K07,"20,210","11,920","2,809","1,693","20,255","27,627"
06/01/2019,Brooklyn,K08,"19,179","12,354","4,892","2,932","8,370","18,665"
06/01/2019,Brooklyn,K09,"19,546","11,936","3,912","2,335","10,517","18,736"
06/01/2019,Brooklyn,K10,"16,134","9,544","1,835","1,160","15,836","21,357"
06/01/2019,Brooklyn,K11,"34,095","20,231","3,068","1,821","30,028","42,872"
06/01/2019,Brooklyn,K12,"58,535","19,012","9,470","2,411","47,004","62,841"
06/01/2019,Brooklyn,K13,"30,591","20,465","4,670","2,387","15,362","33,339"
06/01/2019,Brooklyn,K14,"29,212","17,163","4,255","2,431","19,361","31,086"
06/01/2019,Brooklyn,K15,"26,621","16,639","2,944","1,630","19,928","31,871"
06/01/2019,Brooklyn,K16,"35,639","19,966","11,108","5,612","10,913","31,687"
06/01/2019,Brooklyn,K17,"28,529","18,165","7,180","4,256","13,834","27,404"
06/01/2019,Brooklyn,K18,"26,792","16,163","5,054","2,778","16,124","27,991"
06/01/2019,Manhattan,M01,"2,184","1,770",702,566,"1,491","2,925"
06/01/2019,Manhattan,M02,"2,775","2,250",328,282,"2,568","3,668"
06/01/2019,Manhattan,M03,"35,305","24,217","5,926","3,926","22,977","40,800"
06/01/2019,Manhattan,M04,"11,315","8,488","2,818","2,053","5,735","12,290"
06/01/2019,Manhattan,M05,"5,308","3,716","2,333","1,485","1,615","6,119"
06/01/2019,Manhattan,M06,"5,011","4,322","1,092",908,"2,987","5,594"
06/01/2019,Manhattan,M07,"15,625","11,779","3,235","2,250","8,144","16,757"
06/01/2019,Manhattan,M08,"5,254","4,192",769,563,"4,075","6,758"
06/01/2019,Manhattan,M09,"20,840","13,742","4,642","2,904","9,636","20,305"
06/01/2019,Manhattan,M10,"30,804","19,758","8,207","5,066","11,667","28,164"
06/01/2019,Manhattan,M11,"40,234","25,354","9,747","5,937","16,007","38,025"
06/01/2019,Manhattan,M12,"43,400","29,730","6,229","4,044","23,327","42,525"
06/01/2019,Queens,Q01,"21,293","12,769","3,881","2,248","17,046","25,976"
06/01/2019,Queens,Q02,"10,293","6,477","1,597","1,049","12,224","15,812"
06/01/2019,Queens,Q03,"22,617","13,043","2,561","1,612","25,143","31,031"
06/01/2019,Queens,Q04,"24,024","14,010","2,530","1,653","27,163","33,814"
06/01/2019,Queens,Q05,"16,965","9,963","1,907","1,225","14,789","19,781"
06/01/2019,Queens,Q06,"9,651","6,761",760,537,"8,614","12,531"
06/01/2019,Queens,Q07,"25,006","16,503","3,441","2,329","34,057","43,345"
06/01/2019,Queens,Q08,"16,797","10,221","2,954","1,874","15,966","22,836"
06/01/2019,Queens,Q09,"20,207","11,751","2,827","1,783","16,333","23,177"
06/01/2019,Queens,Q10,"15,042","9,126","2,323","1,394","11,691","17,171"
06/01/2019,Queens,Q11,"6,333","4,316",770,541,"9,617","11,889"
06/01/2019,Queens,Q12,"41,373","25,288","9,423","5,686","23,929","42,045"
06/01/2019,Queens,Q13,"18,224","11,806","3,495","2,283","14,088","21,628"
06/01/2019,Queens,Q14,"27,909","15,139","7,803","3,564","12,209","28,629"
06/01/2019,Staten_Island,S01,"35,062","18,683","10,578","5,052","16,375","36,057"
06/01/2019,Staten_Island,S02,"13,599","8,129","2,307","1,329","11,665","17,718"
06/01/2019,Staten_Island,S03,"9,624","6,142","1,228",755,"8,426","12,056"
09/01/2019,Bronx,B01,"41,969","22,681","12,404","6,573","13,854","37,854"
09/01/2019,Bronx,B02,"20,542","11,318","6,420","3,293","6,313","18,641"
09/01/2019,Bronx,B03,"39,456","21,518","12,194","6,448","12,025","35,068"
09/01/2019,Bronx,B04,"52,131","29,095","15,035","7,793","18,880","46,989"
09/01/2019,Bronx,B05,"50,652","27,772","15,917","8,219","16,395","44,460"
09/01/2019,Bronx,B06,"36,831","20,036","13,126","6,560","9,995","33,440"
09/01/2019,Bronx,B07,"42,511","24,395","12,494","6,610","16,276","39,265"
09/01/2019,Bronx,B08,"15,257","9,177","3,203","1,679","8,459","15,893"
09/01/2019,Bronx,B09,"49,052","27,111","13,186","6,668","19,969","45,723"
09/01/2019,Bronx,B10,"16,745","10,288","3,587","1,895","8,797","16,833"
09/01/2019,Bronx,B11,"22,349","13,099","5,503","2,972","11,171","23,021"
09/01/2019,Bronx,B12,"35,257","19,366","12,070","6,029","12,882","33,902"
09/01/2019,Brooklyn,K01,"49,470","19,580","6,552","2,501","32,588","45,521"
09/01/2019,Brooklyn,K02,"12,682","8,554","2,933","1,850","6,444","13,076"
09/01/2019,Brooklyn,K03,"41,664","22,449","9,485","5,001","18,056","37,043"
09/01/2019,Brooklyn,K04,"22,301","13,700","3,992","2,229","10,742","20,814"
09/01/2019,Brooklyn,K05,"59,488","34,055","13,684","7,148","22,932","50,489"
09/01/2019,Brooklyn,K06,"9,754","6,511","1,833","1,143","4,838","9,690"
09/01/2019,Brooklyn,K07,"19,654","11,670","2,744","1,655","19,111","26,344"
09/01/2019,Brooklyn,K08,"18,858","12,226","4,812","2,888","8,100","18,194"
09/01/2019,Brooklyn,K09,"19,295","11,792","3,838","2,318","10,299","18,356"
09/01/2019,Brooklyn,K10,"15,945","9,491","1,795","1,165","15,242","20,712"
09/01/2019,Brooklyn,K11,"33,279","19,920","2,954","1,810","28,736","41,342"
09/01/2019,Brooklyn,K12,"58,390","18,865","9,669","2,417","45,212","60,870"
09/01/2019,Brooklyn,K13,"30,178","20,214","4,792","2,427","14,958","32,734"
09/01/2019,Brooklyn,K14,"28,377","16,880","4,251","2,444","18,591","30,015"
09/01/2019,Brooklyn,K15,"26,162","16,422","2,905","1,616","19,289","30,921"
09/01/2019,Brooklyn,K16,"35,066","19,827","11,086","5,566","10,479","31,040"
09/01/2019,Brooklyn,K17,"28,160","18,092","7,251","4,307","13,540","27,091"
09/01/2019,Brooklyn,K18,"26,708","16,132","5,225","2,825","15,845","27,676"
09/01/2019,Manhattan,M01,"2,163","1,757",673,564,"1,445","2,865"
09/01/2019,Manhattan,M02,"2,729","2,218",296,274,"2,449","3,515"
09/01/2019,Manhattan,M03,"35,323","24,279","5,920","3,970","21,680","39,318"
09/01/2019,Manhattan,M04,"11,404","8,557","2,839","2,103","5,552","12,105"
09/01/2019,Manhattan,M05,"5,525","3,765","2,512","1,523","1,637","6,136"
09/01/2019,Manhattan,M06,"4,981","4,305",952,846,"2,976","5,443"
09/01/2019,Manhattan,M07,"15,501","11,673","3,263","2,313","7,948","16,392"
09/01/2019,Manhattan,M08,"5,273","4,203",704,547,"4,059","6,673"
09/01/2019,Manhattan,M09,"20,553","13,569","4,665","2,917","9,086","19,580"
09/01/2019,Manhattan,M10,"30,031","19,299","7,975","4,984","10,986","26,868"
09/01/2019,Manhattan,M11,"39,946","25,173","9,937","6,019","15,156","36,892"
09/01/2019,Manhattan,M12,"42,565","29,289","6,109","4,036","22,160","40,977"
09/01/2019,Queens,Q01,"20,911","12,642","3,832","2,272","16,501","25,314"
09/01/2019,Queens,Q02,"10,066","6,364","1,632","1,071","11,766","15,365"
09/01/2019,Queens,Q03,"21,923","12,716","2,558","1,633","24,159","30,002"
09/01/2019,Queens,Q04,"23,221","13,626","2,500","1,647","26,312","32,822"
09/01/2019,Queens,Q05,"16,601","9,792","1,805","1,185","14,310","19,114"
09/01/2019,Queens,Q06,"9,450","6,680",741,533,"8,422","12,249"
09/01/2019,Queens,Q07,"24,753","16,435","3,426","2,375","33,192","42,480"
09/01/2019,Queens,Q08,"16,530","10,122","2,877","1,855","15,599","22,369"
09/01/2019,Queens,Q09,"19,604","11,469","2,850","1,788","15,852","22,634"
09/01/2019,Queens,Q10,"14,837","9,019","2,252","1,361","11,383","16,791"
09/01/2019,Queens,Q11,"6,427","4,371",764,538,"9,342","11,593"
09/01/2019,Queens,Q12,"40,884","25,104","9,296","5,630","23,525","41,575"
09/01/2019,Queens,Q13,"18,259","11,836","3,559","2,304","13,860","21,442"
09/01/2019,Queens,Q14,"27,559","15,003","7,575","3,475","11,978","28,144"
09/01/2019,Staten_Island,S01,"34,943","18,614","10,651","4,987","15,949","35,422"
09/01/2019,Staten_Island,S02,"13,633","8,100","2,375","1,341","11,483","17,547"
09/01/2019,Staten_Island,S03,"9,591","6,136","1,231",744,"8,324","11,956"
12/01/2019,Bronx,B01,"41,728","22,758","12,552","6,647","13,236","37,069"
12/01/2019,Bronx,B02,"20,343","11,299","6,326","3,266","5,978","18,183"
12/01/2019,Bronx,B03,"39,004","21,484","12,206","6,434","11,463","34,216"
12/01/2019,Bronx,B04,"51,190","28,742","14,726","7,600","17,959","45,593"
12/01/2019,Bronx,B05,"49,830","27,485","15,522","8,051","15,748","43,217"
12/01/2019,Bronx,B06,"36,902","20,086","13,271","6,631","9,566","32,901"
12/01/2019,Bronx,B07,"42,103","24,237","12,231","6,529","15,569","38,235"
12/01/2019,Bronx,B08,"15,151","9,150","3,133","1,647","8,164","15,570"
12/01/2019,Bronx,B09,"48,932","27,147","13,153","6,634","19,269","44,752"
12/01/2019,Bronx,B10,"16,891","10,396","3,516","1,858","8,535","16,473"
12/01/2019,Bronx,B11,"22,177","13,061","5,406","2,941","10,785","22,450"
12/01/2019,Bronx,B12,"34,989","19,265","12,130","6,060","12,248","33,104"
12/01/2019,Brooklyn,K01,"49,148","19,579","6,433","2,445","31,808","44,587"
12/01/2019,Brooklyn,K02,"12,650","8,588","2,897","1,828","6,264","12,781"
12/01/2019,Brooklyn,K03,"41,282","22,412","9,440","4,943","17,364","36,046"
12/01/2019,Brooklyn,K04,"22,119","13,720","3,920","2,179","10,256","20,217"
12/01/2019,Brooklyn,K05,"59,297","34,164","13,756","7,170","21,929","49,131"
12/01/2019,Brooklyn,K06,"9,957","6,601","1,885","1,155","4,698","9,576"
12/01/2019,Brooklyn,K07,"19,437","11,633","2,791","1,666","18,134","25,377"
12/01/2019,Brooklyn,K08,"18,676","12,199","4,792","2,888","7,795","17,618"
12/01/2019,Brooklyn,K09,"19,106","11,826","3,818","2,314","9,854","17,900"
12/01/2019,Brooklyn,K10,"15,953","9,536","1,725","1,126","14,585","19,984"
12/01/2019,Brooklyn,K11,"32,613","19,739","2,844","1,749","27,572","40,043"
12/01/2019,Brooklyn,K12,"57,528","18,780","9,739","2,423","43,781","59,256"
12/01/2019,Brooklyn,K13,"30,142","20,301","4,796","2,418","14,469","32,076"
12/01/2019,Brooklyn,K14,"28,006","16,818","4,237","2,463","17,840","29,217"
12/01/2019,Brooklyn,K15,"25,827","16,353","2,865","1,604","18,658","30,119"
12/01/2019,Brooklyn,K16,"35,182","19,931","11,184","5,584","10,002","30,288"
12/01/2019,Brooklyn,K17,"27,917","18,021","7,101","4,257","12,860","26,357"
12/01/2019,Brooklyn,K18,"26,473","16,136","5,071","2,770","15,153","26,806"
12/01/2019,Manhattan,M01,"2,196","1,789",691,575,"1,382","2,855"
12/01/2019,Manhattan,M02,"2,663","2,175",279,275,"2,374","3,412"
12/01/2019,Manhattan,M03,"34,935","24,025","5,948","3,962","20,921","38,518"
12/01/2019,Manhattan,M04,"11,355","8,541","2,873","2,133","5,346","11,799"
12/01/2019,Manhattan,M05,"5,760","3,856","2,779","1,640","1,617","6,446"
12/01/2019,Manhattan,M06,"4,922","4,251",925,813,"2,869","5,351"
12/01/2019,Manhattan,M07,"15,508","11,621","3,256","2,308","7,661","15,998"
12/01/2019,Manhattan,M08,"5,230","4,175",742,569,"3,971","6,548"
12/01/2019,Manhattan,M09,"20,485","13,541","4,661","2,898","8,715","18,998"
12/01/2019,Manhattan,M10,"29,268","18,987","7,685","4,804","10,597","26,134"
12/01/2019,Manhattan,M11,"39,628","24,927","9,563","5,734","14,556","35,894"
12/01/2019,Manhattan,M12,"41,909","29,027","6,051","3,989","21,162","39,789"
12/01/2019,Queens,Q01,"20,858","12,679","3,885","2,281","15,958","24,700"
12/01/2019,Queens,Q02,"9,719","6,223","1,525","1,033","11,259","14,825"
12/01/2019,Queens,Q03,"21,352","12,459","2,379","1,540","23,130","28,817"
12/01/2019,Queens,Q04,"22,755","13,432","2,526","1,636","25,235","31,689"
12/01/2019,Queens,Q05,"16,369","9,698","1,850","1,189","13,695","18,514"
12/01/2019,Queens,Q06,"9,293","6,656",716,523,"8,186","12,005"
12/01/2019,Queens,Q07,"24,785","16,523","3,446","2,391","31,873","41,179"
12/01/2019,Queens,Q08,"16,234","10,019","2,741","1,768","15,064","21,694"
12/01/2019,Queens,Q09,"19,386","11,413","2,904","1,823","15,129","21,926"
12/01/2019,Queens,Q10,"14,696","8,975","2,259","1,356","10,942","16,359"
12/01/2019,Queens,Q11,"6,486","4,387",733,519,"9,051","11,321"
12/01/2019,Queens,Q12,"40,518","24,947","9,410","5,566","22,566","40,352"
12/01/2019,Queens,Q13,"17,978","11,703","3,343","2,195","13,412","20,730"
12/01/2019,Queens,Q14,"27,394","14,948","7,597","3,484","11,645","27,644"
12/01/2019,Staten_Island,S01,"34,626","18,479","10,758","4,996","15,313","34,669"
12/01/2019,Staten_Island,S02,"13,737","8,189","2,386","1,333","11,162","17,269"
12/01/2019,Staten_Island,S03,"9,560","6,142","1,241",769,"8,064","11,705"
03/01/2020,Bronx,B01,"41,545","22,736","12,225","6,506","12,776","36,578"
03/01/2020,Bronx,B02,"20,279","11,294","6,315","3,261","5,824","18,013"
03/01/2020,Bronx,B03,"39,250","21,694","12,307","6,571","10,940","33,847"
03/01/2020,Bronx,B04,"50,360","28,414","14,351","7,430","17,395","44,758"
03/01/2020,Bronx,B05,"49,525","27,397","15,135","7,857","15,202","42,440"
03/01/2020,Bronx,B06,"36,637","20,047","13,072","6,508","9,255","32,402"
03/01/2020,Bronx,B07,"41,865","24,217","11,967","6,394","15,165","37,687"
03/01/2020,Bronx,B08,"15,194","9,190","3,049","1,633","7,994","15,372"
03/01/2020,Bronx,B09,"48,708","27,052","13,132","6,596","18,749","44,119"
03/01/2020,Bronx,B10,"16,879","10,411","3,599","1,878","8,364","16,437"
03/01/2020,Bronx,B11,"22,136","13,061","5,483","2,941","10,492","22,310"
03/01/2020,Bronx,B12,"34,877","19,262","11,992","5,972","11,961","32,830"
03/01/2020,Brooklyn,K01,"49,022","19,574","6,486","2,451","31,021","43,857"
03/01/2020,Brooklyn,K02,"12,731","8,649","2,942","1,883","6,053","12,676"
03/01/2020,Brooklyn,K03,"40,998","22,347","9,214","4,848","16,817","35,351"
03/01/2020,Brooklyn,K04,"21,920","13,739","3,790","2,156","9,960","19,797"
03/01/2020,Brooklyn,K05,"59,085","34,172","13,451","7,022","21,379","48,389"
03/01/2020,Brooklyn,K06,"9,908","6,592","1,918","1,206","4,598","9,437"
03/01/2020,Brooklyn,K07,"19,136","11,555","2,735","1,646","17,427","24,595"
03/01/2020,Brooklyn,K08,"18,716","12,293","4,692","2,882","7,475","17,290"
03/01/2020,Brooklyn,K09,"19,137","11,873","3,753","2,288","9,568","17,619"
03/01/2020,Brooklyn,K10,"15,961","9,573","1,721","1,101","14,176","19,614"
03/01/2020,Brooklyn,K11,"32,328","19,687","2,774","1,710","26,809","39,197"
03/01/2020,Brooklyn,K12,"57,542","18,790","9,870","2,448","42,729","58,275"
03/01/2020,Brooklyn,K13,"30,029","20,314","4,762","2,425","14,239","31,807"
03/01/2020,Brooklyn,K14,"27,714","16,800","4,171","2,438","17,277","28,597"
03/01/2020,Brooklyn,K15,"25,811","16,391","2,862","1,602","18,199","29,589"
03/01/2020,Brooklyn,K16,"35,363","20,091","11,043","5,571","9,630","30,042"
03/01/2020,Brooklyn,K17,"27,712","17,932","7,031","4,233","12,465","25,890"
03/01/2020,Brooklyn,K18,"26,534","16,181","4,953","2,699","14,661","26,291"
03/01/2020,Manhattan,M01,"2,201","1,795",673,569,"1,387","2,807"
03/01/2020,Manhattan,M02,"2,628","2,146",284,269,"2,315","3,334"
03/01/2020,Manhattan,M03,"34,830","23,982","6,010","3,982","20,325","37,838"
03/01/2020,Manhattan,M04,"11,414","8,584","2,886","2,128","5,246","11,742"
03/01/2020,Manhattan,M05,"5,592","3,857","2,585","1,630","1,536","6,113"
03/01/2020,Manhattan,M06,"4,897","4,224",992,888,"2,776","5,297"
03/01/2020,Manhattan,M07,"15,570","11,645","3,329","2,365","7,496","15,884"
03/01/2020,Manhattan,M08,"5,218","4,164",729,560,"3,982","6,516"
03/01/2020,Manhattan,M09,"20,339","13,475","4,577","2,875","8,511","18,787"
03/01/2020,Manhattan,M10,"28,931","18,788","7,559","4,786","10,238","25,666"
03/01/2020,Manhattan,M11,"39,350","24,851","9,547","5,744","14,257","35,508"
03/01/2020,Manhattan,M12,"41,300","28,799","5,886","3,913","20,571","38,982"
03/01/2020,Queens,Q01,"20,896","12,771","3,836","2,302","15,495","24,223"
03/01/2020,Queens,Q02,"9,720","6,212","1,542","1,048","10,986","14,559"
03/01/2020,Queens,Q03,"21,029","12,324","2,418","1,570","22,366","28,013"
03/01/2020,Queens,Q04,"22,450","13,300","2,479","1,626","24,359","30,719"
03/01/2020,Queens,Q05,"16,273","9,685","1,831","1,173","13,318","18,113"
03/01/2020,Queens,Q06,"9,248","6,653",689,501,"8,089","11,889"
03/01/2020,Queens,Q07,"24,845","16,613","3,558","2,469","31,390","40,805"
03/01/2020,Queens,Q08,"16,125","9,969","2,756","1,770","14,775","21,457"
03/01/2020,Queens,Q09,"19,214","11,370","2,832","1,770","14,832","21,586"
03/01/2020,Queens,Q10,"14,519","8,898","2,217","1,334","10,622","15,959"
03/01/2020,Queens,Q11,"6,524","4,431",743,523,"8,896","11,180"
03/01/2020,Queens,Q12,"40,088","24,661","9,134","5,417","21,945","39,638"
03/01/2020,Queens,Q13,"17,835","11,660","3,228","2,164","13,041","20,331"
03/01/2020,Queens,Q14,"27,358","15,004","7,520","3,490","11,215","27,190"
03/01/2020,Staten_Island,S01,"34,592","18,454","10,700","4,993","14,931","34,534"
03/01/2020,Staten_Island,S02,"13,789","8,187","2,379","1,316","11,077","17,276"
03/01/2020,Staten_Island,S03,"9,553","6,129","1,302",792,"7,924","11,610"
06/01/2020,Bronx,B01,"45,637","24,832","14,005","7,385","12,695","38,103"
06/01/2020,Bronx,B02,"22,420","12,426","6,980","3,601","5,775","18,608"
06/01/2020,Bronx,B03,"43,317","23,789","13,841","7,356","10,762","35,196"
06/01/2020,Bronx,B04,"56,155","31,479","16,329","8,439","17,044","46,426"
06/01/2020,Bronx,B05,"54,815","30,212","17,083","8,915","14,869","44,228"
06/01/2020,Bronx,B06,"39,679","21,713","14,410","7,226","9,079","33,648"
06/01/2020,Bronx,B07,"46,703","26,848","13,556","7,296","15,035","39,124"
06/01/2020,Bronx,B08,"17,567","10,506","3,799","2,016","7,716","15,877"
06/01/2020,Bronx,B09,"54,171","29,984","15,247","7,681","18,361","46,084"
06/01/2020,Bronx,B10,"19,215","11,713","4,313","2,296","8,247","17,140"
06/01/2020,Bronx,B11,"24,988","14,618","6,488","3,472","10,295","23,148"
06/01/2020,Bronx,B12,"38,867","21,459","13,643","6,880","11,799","34,294"
06/01/2020,Brooklyn,K01,"52,201","21,241","7,432","3,030","30,640","44,903"
06/01/2020,Brooklyn,K02,"14,123","9,614","3,464","2,229","5,872","13,118"
06/01/2020,Brooklyn,K03,"45,155","24,965","10,778","5,794","16,611","36,826"
06/01/2020,Brooklyn,K04,"24,696","15,570","4,493","2,622","9,813","20,449"
06/01/2020,Brooklyn,K05,"65,389","37,915","15,338","8,139","21,154","50,066"
06/01/2020,Brooklyn,K06,"11,010","7,289","2,244","1,432","4,533","9,876"
06/01/2020,Brooklyn,K07,"20,917","12,648","3,131","1,902","17,081","24,946"
06/01/2020,Brooklyn,K08,"20,630","13,608","5,380","3,334","7,402","17,907"
06/01/2020,Brooklyn,K09,"21,313","13,145","4,296","2,622","9,494","18,170"
06/01/2020,Brooklyn,K10,"17,758","10,583","2,278","1,387","13,929","20,196"
06/01/2020,Brooklyn,K11,"35,284","21,152","3,466","2,056","26,381","39,954"
06/01/2020,Brooklyn,K12,"61,108","20,089","10,572","2,727","42,044","59,166"
06/01/2020,Brooklyn,K13,"32,014","21,398","5,500","2,827","14,037","32,311"
06/01/2020,Brooklyn,K14,"30,806","18,449","4,884","2,842","17,015","29,198"
06/01/2020,Brooklyn,K15,"28,044","17,558","3,450","1,921","17,823","30,111"
06/01/2020,Brooklyn,K16,"38,889","22,149","12,725","6,452","9,507","31,414"
06/01/2020,Brooklyn,K17,"31,527","20,294","8,277","4,966","12,307","27,058"
06/01/2020,Brooklyn,K18,"30,261","18,310","5,973","3,291","14,453","27,258"
06/01/2020,Manhattan,M01,"2,280","1,807",669,543,"1,389","2,790"
06/01/2020,Manhattan,M02,"2,912","2,362",366,343,"2,299","3,450"
06/01/2020,Manhattan,M03,"37,082","25,467","6,938","4,648","20,075","38,720"
06/01/2020,Manhattan,M04,"12,539","9,382","3,450","2,560","5,237","12,251"
06/01/2020,Manhattan,M05,"6,165","4,171","2,955","1,833","1,521","6,392"
06/01/2020,Manhattan,M06,"5,326","4,568","1,279","1,154","2,759","5,578"
06/01/2020,Manhattan,M07,"16,785","12,440","3,959","2,809","7,382","16,385"
06/01/2020,Manhattan,M08,"5,758","4,515",980,751,"4,000","6,832"
06/01/2020,Manhattan,M09,"22,436","14,766","5,436","3,412","8,402","19,508"
06/01/2020,Manhattan,M10,"31,343","20,295","8,573","5,415","10,119","26,480"
06/01/2020,Manhattan,M11,"42,554","26,742","10,927","6,617","14,155","36,765"
06/01/2020,Manhattan,M12,"45,712","31,442","7,151","4,757","20,153","39,916"
06/01/2020,Queens,Q01,"23,598","14,255","4,714","2,833","15,307","25,170"
06/01/2020,Queens,Q02,"11,059","6,956","2,003","1,266","10,823","15,007"
06/01/2020,Queens,Q03,"24,106","13,884","3,055","1,920","21,817","28,431"
06/01/2020,Queens,Q04,"25,613","14,884","3,205","2,017","23,956","31,371"
06/01/2020,Queens,Q05,"19,173","11,268","2,529","1,595","13,130","18,743"
06/01/2020,Queens,Q06,"10,437","7,238",988,677,"8,118","12,327"
06/01/2020,Queens,Q07,"27,266","17,848","4,305","2,886","30,867","41,584"
06/01/2020,Queens,Q08,"18,376","11,043","3,469","2,118","14,534","22,105"
06/01/2020,Queens,Q09,"22,539","13,053","3,850","2,280","14,570","22,450"
06/01/2020,Queens,Q10,"16,714","10,036","2,911","1,704","10,521","16,597"
06/01/2020,Queens,Q11,"7,279","4,848",953,640,"8,767","11,402"
06/01/2020,Queens,Q12,"45,667","27,581","11,178","6,559","21,542","41,392"
06/01/2020,Queens,Q13,"20,743","13,267","4,405","2,811","12,867","21,397"
06/01/2020,Queens,Q14,"29,808","16,209","8,447","3,940","11,101","27,862"
06/01/2020,Staten_Island,S01,"38,088","20,244","11,752","5,568","14,711","35,648"
06/01/2020,Staten_Island,S02,"15,293","8,931","2,793","1,546","10,900","17,727"
06/01/2020,Staten_Island,S03,"10,946","6,853","1,687","1,004","7,843","12,138"
09/01/2020,Bronx,B01,"47,212","25,740","14,342","7,624","12,972","38,327"
09/01/2020,Bronx,B02,"23,150","12,855","7,185","3,708","5,902","18,717"
09/01/2020,Bronx,B03,"45,086","24,750","14,328","7,647","10,997","35,403"
09/01/2020,Bronx,B04,"58,248","32,582","16,751","8,681","17,417","46,698"
09/01/2020,Bronx,B05,"56,964","31,471","17,620","9,251","15,194","44,488"
09/01/2020,Bronx,B06,"40,944","22,427","14,718","7,412","9,277","33,846"
09/01/2020,Bronx,B07,"48,615","27,942","13,813","7,474","15,363","39,354"
09/01/2020,Bronx,B08,"18,344","10,971","3,892","2,065","7,884","15,971"
09/01/2020,Bronx,B09,"56,722","31,336","15,807","8,008","18,761","46,355"
09/01/2020,Bronx,B10,"20,119","12,173","4,462","2,374","8,427","17,241"
09/01/2020,Bronx,B11,"26,117","15,220","6,651","3,565","10,520","23,284"
09/01/2020,Bronx,B12,"40,805","22,463","14,214","7,171","12,057","34,496"
09/01/2020,Brooklyn,K01,"53,243","21,872","7,698","3,142","31,309","45,167"
09/01/2020,Brooklyn,K02,"14,517","9,883","3,559","2,271","6,000","13,195"
09/01/2020,Brooklyn,K03,"46,697","25,904","11,109","5,992","16,974","37,043"
09/01/2020,Brooklyn,K04,"25,812","16,297","4,691","2,718","10,027","20,569"
09/01/2020,Brooklyn,K05,"67,886","39,365","15,989","8,523","21,615","50,361"
09/01/2020,Brooklyn,K06,"11,464","7,584","2,412","1,527","4,632","9,934"
09/01/2020,Brooklyn,K07,"21,759","13,160","3,274","2,025","17,454","25,093"
09/01/2020,Brooklyn,K08,"21,157","14,040","5,577","3,436","7,564","18,012"
09/01/2020,Brooklyn,K09,"22,023","13,644","4,507","2,779","9,702","18,277"
09/01/2020,Brooklyn,K10,"18,480","10,988","2,343","1,444","14,233","20,315"
09/01/2020,Brooklyn,K11,"36,796","21,874","3,592","2,133","26,957","40,189"
09/01/2020,Brooklyn,K12,"62,525","20,597","10,955","2,849","42,962","59,513"
09/01/2020,Brooklyn,K13,"32,606","21,761","5,631","2,906","14,344","32,501"
09/01/2020,Brooklyn,K14,"32,143","19,171","5,124","2,990","17,386","29,370"
09/01/2020,Brooklyn,K15,"28,671","17,944","3,554","1,984","18,212","30,289"
09/01/2020,Brooklyn,K16,"40,015","22,838","13,014","6,591","9,715","31,599"
09/01/2020,Brooklyn,K17,"32,954","21,224","8,526","5,144","12,576","27,217"
09/01/2020,Brooklyn,K18,"31,455","19,046","6,162","3,425","14,768","27,418"
09/01/2020,Manhattan,M01,"2,276","1,799",644,511,"1,419","2,807"
09/01/2020,Manhattan,M02,"2,994","2,438",381,354,"2,349","3,470"
09/01/2020,Manhattan,M03,"37,879","26,041","7,219","4,826","20,513","38,948"
09/01/2020,Manhattan,M04,"13,035","9,802","3,509","2,653","5,352","12,323"
09/01/2020,Manhattan,M05,"6,159","4,317","3,021","1,925","1,554","6,430"
09/01/2020,Manhattan,M06,"5,550","4,773","1,364","1,241","2,820","5,611"
09/01/2020,Manhattan,M07,"17,310","12,817","4,176","2,947","7,543","16,481"
09/01/2020,Manhattan,M08,"6,009","4,680","1,049",788,"4,087","6,872"
09/01/2020,Manhattan,M09,"23,273","15,315","5,744","3,616","8,586","19,622"
09/01/2020,Manhattan,M10,"32,474","20,991","8,934","5,672","10,340","26,636"
09/01/2020,Manhattan,M11,"43,970","27,654","11,530","7,004","14,464","36,981"
09/01/2020,Manhattan,M12,"47,223","32,431","7,463","4,972","20,593","40,150"
09/01/2020,Queens,Q01,"24,865","14,936","5,009","3,009","15,641","25,318"
09/01/2020,Queens,Q02,"11,731","7,355","2,115","1,338","11,059","15,095"
09/01/2020,Queens,Q03,"25,576","14,672","3,207","2,024","22,293","28,598"
09/01/2020,Queens,Q04,"27,250","15,787","3,434","2,154","24,480","31,555"
09/01/2020,Queens,Q05,"20,237","11,840","2,603","1,664","13,417","18,853"
09/01/2020,Queens,Q06,"10,780","7,395","1,034",705,"8,296","12,400"
09/01/2020,Queens,Q07,"28,354","18,494","4,436","2,983","31,541","41,830"
09/01/2020,Queens,Q08,"19,237","11,464","3,505","2,145","14,851","22,235"
09/01/2020,Queens,Q09,"23,776","13,674","3,930","2,333","14,888","22,582"
09/01/2020,Queens,Q10,"17,636","10,528","2,966","1,759","10,751","16,694"
09/01/2020,Queens,Q11,"7,626","5,033",974,659,"8,958","11,469"
09/01/2020,Queens,Q12,"47,792","28,803","11,497","6,754","22,012","41,635"
09/01/2020,Queens,Q13,"22,301","14,059","4,646","2,951","13,148","21,522"
09/01/2020,Queens,Q14,"30,889","16,829","8,782","4,122","11,343","28,026"
09/01/2020,Staten_Island,S01,"39,400","20,918","12,192","5,725","15,033","35,858"
09/01/2020,Staten_Island,S02,"15,810","9,214","2,847","1,573","11,138","17,831"
09/01/2020,Staten_Island,S03,"11,396","7,091","1,721","1,027","8,014","12,209"
12/01/2020,Bronx,B01,"45,563","24,989","13,868","7,317","13,703","38,156"
12/01/2020,Bronx,B02,"22,329","12,438","7,005","3,577","6,288","18,619"
12/01/2020,Bronx,B03,"43,446","23,953","13,859","7,333","11,775","35,393"
12/01/2020,Bronx,B04,"55,972","31,491","15,982","8,184","18,297","46,101"
12/01/2020,Bronx,B05,"54,750","30,436","16,787","8,762","16,055","44,150"
12/01/2020,Bronx,B06,"39,669","21,738","14,114","7,086","9,986","33,576"
12/01/2020,Bronx,B07,"47,059","27,206","13,322","7,152","16,092","39,167"
12/01/2020,Bronx,B08,"17,915","10,761","3,642","1,933","8,144","15,930"
12/01/2020,Bronx,B09,"54,999","30,515","15,314","7,661","19,626","46,621"
12/01/2020,Bronx,B10,"19,741","12,008","4,285","2,275","8,834","17,419"
12/01/2020,Bronx,B11,"25,471","14,864","6,352","3,357","10,845","23,138"
12/01/2020,Bronx,B12,"39,777","21,969","13,869","6,930","12,986","34,966"
12/01/2020,Brooklyn,K01,"51,257","21,182","7,578","3,032","31,044","44,718"
12/01/2020,Brooklyn,K02,"13,870","9,515","3,444","2,173","6,212","13,114"
12/01/2020,Brooklyn,K03,"43,981","24,535","10,543","5,604","17,434","36,562"
12/01/2020,Brooklyn,K04,"24,490","15,670","4,353","2,521","10,364","20,395"
12/01/2020,Brooklyn,K05,"64,642","37,679","15,258","8,038","22,708","50,370"
12/01/2020,Brooklyn,K06,"11,243","7,401","2,441","1,521","4,794","10,101"
12/01/2020,Brooklyn,K07,"21,162","12,911","3,145","1,942","17,234","24,662"
12/01/2020,Brooklyn,K08,"19,928","13,254","5,325","3,230","7,894","17,819"
12/01/2020,Brooklyn,K09,"20,863","13,093","4,268","2,613","10,070","18,315"
12/01/2020,Brooklyn,K10,"18,082","10,778","2,287","1,413","14,276","20,262"
12/01/2020,Brooklyn,K11,"35,835","21,477","3,401","2,030","26,795","39,657"
12/01/2020,Brooklyn,K12,"59,486","19,831","10,975","2,798","42,253","58,659"
12/01/2020,Brooklyn,K13,"31,600","21,215","5,438","2,793","14,601","32,078"
12/01/2020,Brooklyn,K14,"31,096","18,663","4,858","2,833","17,673","29,339"
12/01/2020,Brooklyn,K15,"27,676","17,471","3,315","1,865","18,203","29,836"
12/01/2020,Brooklyn,K16,"37,370","21,604","12,522","6,327","10,559","31,394"
12/01/2020,Brooklyn,K17,"31,428","20,375","8,093","4,886","13,467","27,443"
12/01/2020,Brooklyn,K18,"29,904","18,219","5,744","3,180","15,416","27,517"
12/01/2020,Manhattan,M01,"2,211","1,709",602,470,"1,436","2,758"
12/01/2020,Manhattan,M02,"2,963","2,407",384,351,"2,422","3,525"
12/01/2020,Manhattan,M03,"36,972","25,354","7,041","4,614","20,612","38,580"
12/01/2020,Manhattan,M04,"12,912","9,703","3,498","2,655","5,748","12,594"
12/01/2020,Manhattan,M05,"6,014","4,257","2,920","1,903","1,695","6,445"
12/01/2020,Manhattan,M06,"5,383","4,582","1,313","1,187","2,993","5,749"
12/01/2020,Manhattan,M07,"16,999","12,550","4,070","2,865","7,814","16,566"
12/01/2020,Manhattan,M08,"5,950","4,637","1,020",763,"4,223","6,971"
12/01/2020,Manhattan,M09,"22,386","14,826","5,354","3,369","8,881","19,499"
12/01/2020,Manhattan,M10,"30,998","20,155","8,446","5,324","11,043","26,459"
12/01/2020,Manhattan,M11,"42,630","26,858","11,302","6,786","15,056","36,792"
12/01/2020,Manhattan,M12,"45,845","31,591","7,227","4,761","21,270","40,122"
12/01/2020,Queens,Q01,"24,107","14,563","4,751","2,828","16,087","25,708"
12/01/2020,Queens,Q02,"11,522","7,216","1,983","1,279","11,228","15,297"
12/01/2020,Queens,Q03,"24,765","14,250","3,074","1,955","22,345","28,765"
12/01/2020,Queens,Q04,"26,564","15,373","3,311","2,077","24,569","31,964"
12/01/2020,Queens,Q05,"19,649","11,574","2,427","1,549","13,707","19,112"
12/01/2020,Queens,Q06,"10,659","7,307",958,657,"8,417","12,447"
12/01/2020,Queens,Q07,"27,903","18,278","4,233","2,869","31,632","41,912"
12/01/2020,Queens,Q08,"18,747","11,224","3,216","1,963","15,102","22,185"
12/01/2020,Queens,Q09,"23,229","13,415","3,565","2,162","15,369","22,851"
12/01/2020,Queens,Q10,"17,104","10,332","2,731","1,637","11,047","16,795"
12/01/2020,Queens,Q11,"7,591","4,996",929,625,"9,041","11,551"
12/01/2020,Queens,Q12,"45,928","27,735","10,800","6,334","23,270","42,374"
12/01/2020,Queens,Q13,"21,922","13,756","4,357","2,770","13,908","22,465"
12/01/2020,Queens,Q14,"29,379","16,221","8,508","3,969","11,989","28,353"
12/01/2020,Staten_Island,S01,"38,258","20,359","11,884","5,502","15,753","36,071"
12/01/2020,Staten_Island,S02,"15,478","9,027","2,692","1,474","11,445","17,946"
12/01/2020,Staten_Island,S03,"11,284","7,013","1,583",943,"8,224","12,313"
03/01/2021,Bronx,B01,"46,370","25,389","13,689","7,243","14,548","38,670"
03/01/2021,Bronx,B02,"23,080","12,763","7,103","3,611","6,777","19,319"
03/01/2021,Bronx,B03,"44,548","24,520","13,683","7,262","12,661","36,044"
03/01/2021,Bronx,B04,"57,383","32,221","15,665","8,087","19,361","46,805"
03/01/2021,Bronx,B05,"55,977","31,101","16,622","8,616","16,953","44,858"
03/01/2021,Bronx,B06,"40,500","22,131","14,100","7,048","10,777","34,339"
03/01/2021,Bronx,B07,"48,114","27,742","12,947","6,982","16,824","39,660"
03/01/2021,Bronx,B08,"18,337","10,989","3,672","1,958","8,324","16,118"
03/01/2021,Bronx,B09,"56,588","31,320","15,364","7,685","20,472","47,516"
03/01/2021,Bronx,B10,"20,358","12,349","4,305","2,304","9,180","17,896"
03/01/2021,Bronx,B11,"26,180","15,219","6,436","3,384","11,273","23,623"
03/01/2021,Bronx,B12,"40,884","22,526","13,820","6,886","13,847","35,840"
03/01/2021,Brooklyn,K01,"52,233","21,536","7,716","3,043","31,294","45,395"
03/01/2021,Brooklyn,K02,"14,337","9,789","3,551","2,223","6,429","13,411"
03/01/2021,Brooklyn,K03,"45,014","25,102","10,631","5,670","18,086","37,191"
03/01/2021,Brooklyn,K04,"25,096","16,038","4,538","2,597","10,815","20,924"
03/01/2021,Brooklyn,K05,"66,213","38,486","15,296","8,020","24,030","51,592"
03/01/2021,Brooklyn,K06,"11,626","7,616","2,509","1,527","4,957","10,446"
03/01/2021,Brooklyn,K07,"21,577","13,243","3,358","2,129","17,479","25,120"
03/01/2021,Brooklyn,K08,"20,524","13,578","5,289","3,180","8,358","18,300"
03/01/2021,Brooklyn,K09,"21,296","13,315","4,275","2,646","10,397","18,696"
03/01/2021,Brooklyn,K10,"18,515","11,011","2,344","1,440","14,469","20,559"
03/01/2021,Brooklyn,K11,"36,875","21,909","3,414","2,044","27,092","40,153"
03/01/2021,Brooklyn,K12,"61,787","20,429","11,185","2,858","42,806","59,655"
03/01/2021,Brooklyn,K13,"31,920","21,324","5,331","2,704","14,978","32,252"
03/01/2021,Brooklyn,K14,"31,951","19,020","4,926","2,872","18,029","29,780"
03/01/2021,Brooklyn,K15,"28,204","17,657","3,264","1,835","18,498","30,171"
03/01/2021,Brooklyn,K16,"38,928","22,331","12,549","6,316","11,330","32,255"
03/01/2021,Brooklyn,K17,"32,384","20,974","8,168","4,953","14,271","28,299"
03/01/2021,Brooklyn,K18,"30,444","18,618","5,766","3,209","16,048","28,236"
03/01/2021,Manhattan,M01,"2,219","1,682",511,391,"1,471","2,757"
03/01/2021,Manhattan,M02,"3,035","2,459",391,362,"2,441","3,579"
03/01/2021,Manhattan,M03,"37,580","25,682","6,925","4,530","20,978","39,023"
03/01/2021,Manhattan,M04,"13,424","10,043","3,585","2,740","5,981","13,045"
03/01/2021,Manhattan,M05,"6,031","4,332","2,771","1,872","1,758","6,385"
03/01/2021,Manhattan,M06,"5,469","4,642","1,309","1,185","3,060","5,868"
03/01/2021,Manhattan,M07,"17,394","12,819","4,225","2,935","8,070","17,000"
03/01/2021,Manhattan,M08,"6,105","4,746","1,078",811,"4,344","7,188"
03/01/2021,Manhattan,M09,"23,008","15,169","5,489","3,403","9,157","19,878"
03/01/2021,Manhattan,M10,"31,502","20,380","8,311","5,235","11,570","26,906"
03/01/2021,Manhattan,M11,"43,180","27,126","11,449","6,784","15,522","37,374"
03/01/2021,Manhattan,M12,"46,906","32,133","7,141","4,680","21,714","40,587"
03/01/2021,Queens,Q01,"24,993","15,047","4,657","2,831","16,473","26,209"
03/01/2021,Queens,Q02,"11,846","7,379","1,935","1,243","11,487","15,580"
03/01/2021,Queens,Q03,"25,330","14,587","3,062","1,945","22,840","29,378"
03/01/2021,Queens,Q04,"27,511","15,867","3,250","2,048","25,036","32,568"
03/01/2021,Queens,Q05,"20,180","11,916","2,362","1,536","14,044","19,533"
03/01/2021,Queens,Q06,"10,875","7,405",944,650,"8,533","12,638"
03/01/2021,Queens,Q07,"28,863","18,855","4,310","2,932","32,043","42,586"
03/01/2021,Queens,Q08,"19,394","11,499","3,133","1,912","15,447","22,625"
03/01/2021,Queens,Q09,"23,940","13,834","3,671","2,229","15,757","23,366"
03/01/2021,Queens,Q10,"17,841","10,712","2,722","1,632","11,426","17,259"
03/01/2021,Queens,Q11,"7,868","5,154",963,644,"9,162","11,765"
03/01/2021,Queens,Q12,"47,144","28,382","10,714","6,288","24,138","43,261"
03/01/2021,Queens,Q13,"22,504","14,033","4,350","2,764","14,392","22,868"
03/01/2021,Queens,Q14,"30,355","16,584","8,212","3,849","12,542","28,733"
03/01/2021,Staten_Island,S01,"38,964","20,751","11,700","5,491","16,545","36,804"
03/01/2021,Staten_Island,S02,"15,985","9,256","2,737","1,513","11,696","18,321"
03/01/2021,Staten_Island,S03,"11,368","7,085","1,612",968,"8,449","12,600"
06/01/2021,Bronx,B01,"46,929","25,890","13,327","7,029","15,110","38,800"
06/01/2021,Bronx,B02,"23,648","13,182","6,930","3,505","7,034","19,522"
06/01/2021,Bronx,B03,"45,183","25,123","13,189","7,082","13,101","35,957"
06/01/2021,Bronx,B04,"58,977","33,266","15,468","7,996","19,937","47,077"
06/01/2021,Bronx,B05,"57,058","31,939","16,239","8,407","17,577","45,047"
06/01/2021,Bronx,B06,"41,489","22,800","13,992","6,969","11,292","34,621"
06/01/2021,Bronx,B07,"49,393","28,583","12,880","6,921","17,414","39,964"
06/01/2021,Bronx,B08,"19,044","11,462","3,569","1,915","8,477","16,231"
06/01/2021,Bronx,B09,"58,219","32,329","15,327","7,649","21,169","47,987"
06/01/2021,Bronx,B10,"21,052","12,827","4,331","2,326","9,500","18,111"
06/01/2021,Bronx,B11,"27,054","15,799","6,407","3,394","11,618","23,906"
06/01/2021,Bronx,B12,"42,172","23,355","13,824","6,898","14,424","36,305"
06/01/2021,Brooklyn,K01,"53,124","22,027","7,608","2,980","31,665","45,484"
06/01/2021,Brooklyn,K02,"14,699","10,120","3,453","2,179","6,622","13,488"
06/01/2021,Brooklyn,K03,"45,996","25,795","10,538","5,546","18,560","37,344"
06/01/2021,Brooklyn,K04,"25,863","16,595","4,477","2,552","11,073","21,066"
06/01/2021,Brooklyn,K05,"68,216","39,906","15,404","8,039","24,776","52,379"
06/01/2021,Brooklyn,K06,"11,990","7,877","2,502","1,495","5,119","10,600"
06/01/2021,Brooklyn,K07,"22,458","13,885","3,406","2,176","17,583","25,303"
06/01/2021,Brooklyn,K08,"21,006","14,027","5,103","3,069","8,633","18,347"
06/01/2021,Brooklyn,K09,"21,943","13,763","4,236","2,619","10,663","18,881"
06/01/2021,Brooklyn,K10,"19,086","11,418","2,338","1,444","14,707","20,699"
06/01/2021,Brooklyn,K11,"38,109","22,586","3,429","2,043","27,288","40,188"
06/01/2021,Brooklyn,K12,"63,523","21,127","11,259","2,872","43,083","59,866"
06/01/2021,Brooklyn,K13,"32,430","21,608","5,295","2,701","15,280","32,348"
06/01/2021,Brooklyn,K14,"32,852","19,547","4,882","2,845","18,544","30,070"
06/01/2021,Brooklyn,K15,"28,918","18,056","3,274","1,826","18,750","30,306"
06/01/2021,Brooklyn,K16,"39,754","23,090","12,353","6,259","11,819","32,577"
06/01/2021,Brooklyn,K17,"33,645","21,883","8,139","4,941","14,887","28,838"
06/01/2021,Brooklyn,K18,"31,491","19,360","5,720","3,176","16,636","28,474"
06/01/2021,Manhattan,M01,"2,214","1,673",484,361,"1,521","2,725"
06/01/2021,Manhattan,M02,"3,080","2,509",376,351,"2,478","3,589"
06/01/2021,Manhattan,M03,"38,166","26,167","6,858","4,493","21,244","39,026"
06/01/2021,Manhattan,M04,"13,845","10,457","3,585","2,745","6,226","13,339"
06/01/2021,Manhattan,M05,"5,992","4,460","2,668","1,853","1,839","6,378"
06/01/2021,Manhattan,M06,"5,508","4,705","1,275","1,147","3,157","5,926"
06/01/2021,Manhattan,M07,"17,849","13,164","4,228","2,954","8,289","17,260"
06/01/2021,Manhattan,M08,"6,284","4,902","1,070",806,"4,487","7,349"
06/01/2021,Manhattan,M09,"23,451","15,498","5,365","3,318","9,373","19,888"
06/01/2021,Manhattan,M10,"32,100","20,847","8,144","5,136","11,935","27,062"
06/01/2021,Manhattan,M11,"44,290","27,919","11,365","6,725","16,006","37,793"
06/01/2021,Manhattan,M12,"48,472","33,217","6,994","4,579","22,109","40,684"
06/01/2021,Queens,Q01,"25,628","15,606","4,567","2,788","16,879","26,401"
06/01/2021,Queens,Q02,"12,135","7,642","1,925","1,244","11,710","15,630"
06/01/2021,Queens,Q03,"26,366","15,219","2,982","1,902","23,193","29,563"
06/01/2021,Queens,Q04,"28,731","16,628","3,293","2,090","25,445","32,892"
06/01/2021,Queens,Q05,"21,046","12,452","2,370","1,536","14,363","19,655"
06/01/2021,Queens,Q06,"11,190","7,612",960,661,"8,701","12,740"
06/01/2021,Queens,Q07,"30,056","19,665","4,362","2,975","32,481","42,986"
06/01/2021,Queens,Q08,"20,012","11,868","3,183","1,942","15,708","22,835"
06/01/2021,Queens,Q09,"24,995","14,435","3,715","2,247","16,137","23,688"
06/01/2021,Queens,Q10,"18,519","11,138","2,662","1,609","11,752","17,422"
06/01/2021,Queens,Q11,"8,230","5,352",996,664,"9,279","11,901"
06/01/2021,Queens,Q12,"48,369","29,245","10,784","6,309","24,905","43,931"
06/01/2021,Queens,Q13,"23,310","14,577","4,390","2,777","14,815","23,226"
06/01/2021,Queens,Q14,"30,902","17,035","8,001","3,745","13,116","28,970"
06/01/2021,Staten_Island,S01,"39,842","21,361","11,536","5,372","17,159","37,180"
06/01/2021,Staten_Island,S02,"16,473","9,545","2,711","1,500","11,943","18,461"
06/01/2021,Staten_Island,S03,"11,784","7,321","1,609",954,"8,607","12,767"
09/01/2021,Bronx,B01,"45,886","25,219","12,666","6,661","15,268","38,196"
09/01/2021,Bronx,B02,"22,894","12,777","6,797","3,425","7,075","19,232"
09/01/2021,Bronx,B03,"43,820","24,360","12,683","6,804","13,232","35,317"
09/01/2021,Bronx,B04,"57,144","32,414","14,697","7,624","20,058","46,037"
09/01/2021,Bronx,B05,"55,572","31,063","15,300","7,956","17,771","44,013"
09/01/2021,Bronx,B06,"40,506","22,265","13,523","6,738","11,561","34,163"
09/01/2021,Bronx,B07,"48,108","27,865","12,516","6,716","17,436","39,209"
09/01/2021,Bronx,B08,"18,512","11,165","3,480","1,846","8,458","15,994"
09/01/2021,Bronx,B09,"56,721","31,566","14,721","7,344","21,345","47,279"
09/01/2021,Bronx,B10,"20,830","12,583","4,262","2,290","9,523","17,911"
09/01/2021,Bronx,B11,"26,601","15,551","6,293","3,328","11,696","23,596"
09/01/2021,Bronx,B12,"41,311","22,781","13,595","6,805","14,638","35,987"
09/01/2021,Brooklyn,K01,"51,887","21,226","7,245","2,744","30,974","43,986"
09/01/2021,Brooklyn,K02,"14,234","9,723","3,379","2,093","6,612","13,260"
09/01/2021,Brooklyn,K03,"44,542","24,700","10,184","5,295","18,646","36,690"
09/01/2021,Brooklyn,K04,"25,032","15,934","4,184","2,400","11,012","20,524"
09/01/2021,Brooklyn,K05,"65,996","38,331","14,736","7,598","24,881","51,213"
09/01/2021,Brooklyn,K06,"11,574","7,558","2,469","1,451","5,123","10,468"
09/01/2021,Brooklyn,K07,"22,113","13,618","3,278","2,084","17,126","24,531"
09/01/2021,Brooklyn,K08,"20,038","13,252","4,843","2,895","8,846","18,083"
09/01/2021,Brooklyn,K09,"21,319","13,217","4,005","2,451","10,763","18,579"
09/01/2021,Brooklyn,K10,"18,663","11,143","2,329","1,431","14,412","20,172"
09/01/2021,Brooklyn,K11,"37,290","22,173","3,295","1,981","26,388","38,694"
09/01/2021,Brooklyn,K12,"62,060","20,581","11,128","2,792","42,002","58,240"
09/01/2021,Brooklyn,K13,"31,964","21,230","5,098","2,557","15,045","31,698"
09/01/2021,Brooklyn,K14,"32,033","19,022","4,699","2,737","18,265","29,408"
09/01/2021,Brooklyn,K15,"28,319","17,676","3,078","1,716","18,358","29,435"
09/01/2021,Brooklyn,K16,"38,217","22,108","11,993","6,055","11,963","32,102"
09/01/2021,Brooklyn,K17,"32,539","21,021","7,932","4,760","15,084","28,643"
09/01/2021,Brooklyn,K18,"30,279","18,650","5,485","3,034","16,586","28,001"
09/01/2021,Manhattan,M01,"2,163","1,619",490,359,"1,526","2,714"
09/01/2021,Manhattan,M02,"3,001","2,435",350,327,"2,463","3,503"
09/01/2021,Manhattan,M03,"37,595","25,623","6,698","4,321","20,919","38,137"
09/01/2021,Manhattan,M04,"13,471","10,112","3,521","2,669","6,379","13,240"
09/01/2021,Manhattan,M05,"5,314","4,038","2,263","1,617","1,928","5,873"
09/01/2021,Manhattan,M06,"5,315","4,463","1,200","1,049","3,244","5,857"
09/01/2021,Manhattan,M07,"17,466","12,899","4,187","2,907","8,392","17,122"
09/01/2021,Manhattan,M08,"6,254","4,869","1,109",834,"4,517","7,318"
09/01/2021,Manhattan,M09,"22,836","15,030","5,226","3,195","9,382","19,561"
09/01/2021,Manhattan,M10,"31,501","20,336","7,871","4,954","12,065","26,762"
09/01/2021,Manhattan,M11,"43,557","27,261","11,083","6,527","16,072","37,410"
09/01/2021,Manhattan,M12,"47,635","32,561","6,791","4,397","22,022","40,035"
09/01/2021,Queens,Q01,"24,694","15,072","4,315","2,632","16,691","25,820"
09/01/2021,Queens,Q02,"11,845","7,478","1,781","1,165","11,503","15,175"
09/01/2021,Queens,Q03,"25,675","14,875","2,863","1,840","22,859","28,803"
09/01/2021,Queens,Q04,"27,920","16,289","3,125","2,011","25,106","32,060"
09/01/2021,Queens,Q05,"20,312","12,049","2,349","1,519","14,207","19,285"
09/01/2021,Queens,Q06,"11,078","7,534",920,652,"8,591","12,454"
09/01/2021,Queens,Q07,"29,813","19,525","4,263","2,924","31,862","41,856"
09/01/2021,Queens,Q08,"19,543","11,596","2,958","1,836","15,481","22,213"
09/01/2021,Queens,Q09,"24,344","14,133","3,569","2,148","15,998","23,230"
09/01/2021,Queens,Q10,"17,833","10,767","2,433","1,480","11,629","16,905"
09/01/2021,Queens,Q11,"8,079","5,298",982,661,"9,142","11,610"
09/01/2021,Queens,Q12,"46,518","28,034","10,257","5,887","25,146","43,283"
09/01/2021,Queens,Q13,"22,468","14,081","4,174","2,635","14,839","22,773"
09/01/2021,Queens,Q14,"30,008","16,427","7,367","3,408","13,334","28,408"
09/01/2021,Staten_Island,S01,"38,889","20,724","11,216","5,180","17,299","36,631"
09/01/2021,Staten_Island,S02,"16,103","9,312","2,638","1,454","11,794","18,023"
09/01/2021,Staten_Island,S03,"11,504","7,175","1,585",937,"8,500","12,485"
12/01/2021,Bronx,B01,"45,322","25,230","13,630","7,519","14,482","38,211"
12/01/2021,Bronx,B02,"22,313","12,601","6,985","3,772","6,887","19,314"
12/01/2021,Bronx,B03,"42,991","24,243","13,176","7,497","12,773","35,462"
12/01/2021,Bronx,B04,"56,534","32,465","15,835","8,626","18,964","46,044"
12/01/2021,Bronx,B05,"54,623","31,076","16,277","8,775","16,861","43,941"
12/01/2021,Bronx,B06,"40,094","22,138","14,272","7,570","11,036","34,397"
12/01/2021,Bronx,B07,"47,712","27,852","13,280","7,480","16,634","39,424"
12/01/2021,Bronx,B08,"18,324","11,148","3,858","2,191","8,058","16,024"
12/01/2021,Bronx,B09,"56,309","31,526","15,614","8,184","20,583","47,524"
12/01/2021,Bronx,B10,"20,547","12,541","4,483","2,434","9,218","17,937"
12/01/2021,Bronx,B11,"26,169","15,450","6,658","3,721","11,251","23,670"
12/01/2021,Bronx,B12,"40,799","22,731","14,709","7,704","14,251","36,895"
12/01/2021,Brooklyn,K01,"50,412","20,873","7,771","2,986","29,206","43,016"
12/01/2021,Brooklyn,K02,"14,129","9,688","3,634","2,289","6,281","13,246"
12/01/2021,Brooklyn,K03,"44,052","24,659","10,864","5,807","17,764","36,658"
12/01/2021,Brooklyn,K04,"24,139","15,543","4,524","2,532","10,537","20,419"
12/01/2021,Brooklyn,K05,"64,357","37,847","15,672","8,422","23,733","51,325"
12/01/2021,Brooklyn,K06,"11,323","7,493","2,709","1,530","4,851","10,397"
12/01/2021,Brooklyn,K07,"21,617","13,483","3,375","2,163","15,717","23,374"
12/01/2021,Brooklyn,K08,"19,624","13,116","5,233","3,099","8,540","18,075"
12/01/2021,Brooklyn,K09,"20,934","13,124","4,237","2,513","10,388","18,433"
12/01/2021,Brooklyn,K10,"18,421","11,157","2,420","1,612","13,341","19,324"
12/01/2021,Brooklyn,K11,"36,864","22,144","3,428","2,189","24,351","37,172"
12/01/2021,Brooklyn,K12,"60,169","20,236","11,456","3,029","39,264","56,183"
12/01/2021,Brooklyn,K13,"31,716","21,227","5,577","3,029","14,321","31,478"
12/01/2021,Brooklyn,K14,"30,916","18,579","4,954","2,927","17,364","28,908"
12/01/2021,Brooklyn,K15,"27,949","17,627","3,387","1,998","17,096","28,661"
12/01/2021,Brooklyn,K16,"37,639","22,048","12,975","6,756","11,360","32,451"
12/01/2021,Brooklyn,K17,"31,875","20,881","8,548","5,247","14,694","28,912"
12/01/2021,Brooklyn,K18,"29,634","18,431","5,923","3,232","15,999","27,992"
12/01/2021,Manhattan,M01,"2,091","1,594",455,252,"1,537","2,663"
12/01/2021,Manhattan,M02,"3,006","2,443",387,286,"2,344","3,413"
12/01/2021,Manhattan,M03,"37,864","25,959","7,402","4,194","19,655","37,738"
12/01/2021,Manhattan,M04,"13,240","10,065","3,765","2,529","6,318","13,370"
12/01/2021,Manhattan,M05,"4,766","3,789","2,025","1,132","1,941","5,433"
12/01/2021,Manhattan,M06,"5,251","4,401","1,237",794,"3,264","5,932"
12/01/2021,Manhattan,M07,"17,484","12,948","4,711","2,789","8,193","17,348"
12/01/2021,Manhattan,M08,"6,301","4,916","1,292",856,"4,456","7,465"
12/01/2021,Manhattan,M09,"22,714","15,033","5,682","3,107","9,080","19,687"
12/01/2021,Manhattan,M10,"31,138","20,312","8,934","4,937","11,665","27,281"
12/01/2021,Manhattan,M11,"43,535","27,496","12,143","6,415","15,393","37,793"
12/01/2021,Manhattan,M12,"47,122","32,586","7,575","4,372","21,172","40,098"
12/01/2021,Queens,Q01,"24,203","14,958","4,909","2,924","15,722","25,545"
12/01/2021,Queens,Q02,"11,571","7,402","1,856","1,218","10,928","14,777"
12/01/2021,Queens,Q03,"24,456","14,458","3,053","1,857","21,710","28,084"
12/01/2021,Queens,Q04,"26,926","15,957","3,331","2,137","23,690","31,096"
12/01/2021,Queens,Q05,"19,639","11,825","2,726","1,688","13,448","19,078"
12/01/2021,Queens,Q06,"10,875","7,504","1,039",712,"8,223","12,300"
12/01/2021,Queens,Q07,"29,779","19,689","4,486","3,265","29,823","40,433"
12/01/2021,Queens,Q08,"19,254","11,604","3,336","2,006","14,545","21,837"
12/01/2021,Queens,Q09,"23,925","14,079","4,068","2,442","14,960","22,883"
12/01/2021,Queens,Q10,"17,327","10,626","2,639","1,530","10,974","16,570"
12/01/2021,Queens,Q11,"8,129","5,366","1,071",712,"8,588","11,269"
12/01/2021,Queens,Q12,"45,287","27,573","11,244","6,275","24,189","43,519"
12/01/2021,Queens,Q13,"21,898","14,001","4,764","2,839","14,232","22,910"
12/01/2021,Queens,Q14,"29,613","16,367","8,241","3,973","12,693","28,558"
12/01/2021,Staten_Island,S01,"38,647","20,860","12,155","5,990","16,384","36,647"
12/01/2021,Staten_Island,S02,"16,085","9,416","2,811","1,630","11,182","17,744"
12/01/2021,Staten_Island,S03,"11,566","7,256","1,722","1,029","8,109","12,321"
03/01/2022,Bronx,B01,"46,965","26,195","14,541","7,749","13,246","37,451"
03/01/2022,Bronx,B02,"23,261","13,116","7,370","3,777","6,374","18,874"
03/01/2022,Bronx,B03,"44,549","25,041","14,289","7,710","11,905","35,241"
03/01/2022,Bronx,B04,"58,323","33,497","17,053","8,973","17,520","45,351"
03/01/2022,Bronx,B05,"56,438","32,088","17,316","9,150","15,594","43,225"
03/01/2022,Bronx,B06,"41,318","22,819","15,058","7,541","10,218","34,011"
03/01/2022,Bronx,B07,"49,475","28,878","14,367","7,801","15,476","38,995"
03/01/2022,Bronx,B08,"19,012","11,550","4,254","2,308","7,648","15,865"
03/01/2022,Bronx,B09,"58,194","32,513","16,574","8,312","19,263","46,801"
03/01/2022,Bronx,B10,"21,170","12,909","4,824","2,607","8,942","17,833"
03/01/2022,Bronx,B11,"27,388","16,068","7,158","3,857","10,687","23,486"
03/01/2022,Bronx,B12,"42,168","23,527","15,455","7,730","13,448","36,522"
03/01/2022,Brooklyn,K01,"52,622","21,765","8,274","3,319","27,454","41,652"
03/01/2022,Brooklyn,K02,"14,518","10,038","3,866","2,463","5,814","12,988"
03/01/2022,Brooklyn,K03,"45,983","25,747","11,686","6,281","16,533","35,989"
03/01/2022,Brooklyn,K04,"24,917","16,121","4,909","2,847","9,907","19,990"
03/01/2022,Brooklyn,K05,"67,051","39,450","17,094","8,941","22,222","50,635"
03/01/2022,Brooklyn,K06,"11,498","7,633","2,876","1,724","4,537","10,164"
03/01/2022,Brooklyn,K07,"22,667","14,172","3,674","2,335","14,607","22,407"
03/01/2022,Brooklyn,K08,"20,513","13,787","5,700","3,512","7,984","17,847"
03/01/2022,Brooklyn,K09,"21,999","13,828","4,588","2,874","9,800","18,102"
03/01/2022,Brooklyn,K10,"19,358","11,686","2,589","1,651","12,394","18,533"
03/01/2022,Brooklyn,K11,"38,723","23,043","3,844","2,292","22,631","35,617"
03/01/2022,Brooklyn,K12,"64,109","21,322","11,954","3,095","36,396","53,604"
03/01/2022,Brooklyn,K13,"32,491","21,815","6,119","3,178","13,589","30,924"
03/01/2022,Brooklyn,K14,"32,250","19,307","5,461","3,207","16,461","28,254"
03/01/2022,Brooklyn,K15,"29,282","18,318","3,773","2,092","15,871","27,598"
03/01/2022,Brooklyn,K16,"38,784","22,903","13,988","7,195","10,461","32,239"
03/01/2022,Brooklyn,K17,"33,334","21,941","9,335","5,681","14,114","28,928"
03/01/2022,Brooklyn,K18,"30,942","19,239","6,540","3,640","15,342","27,761"
03/01/2022,Manhattan,M01,"2,042","1,580",450,348,"1,532","2,617"
03/01/2022,Manhattan,M02,"2,998","2,431",389,358,"2,204","3,279"
03/01/2022,Manhattan,M03,"38,547","26,400","8,033","5,223","18,187","36,555"
03/01/2022,Manhattan,M04,"13,219","10,119","3,785","2,945","5,928","12,816"
03/01/2022,Manhattan,M05,"4,538","3,681","1,829","1,421","1,853","5,027"
03/01/2022,Manhattan,M06,"5,457","4,554","1,340","1,151","3,163","5,891"
03/01/2022,Manhattan,M07,"17,892","13,195","4,955","3,401","7,907","17,171"
03/01/2022,Manhattan,M08,"6,525","5,052","1,409","1,025","4,313","7,398"
03/01/2022,Manhattan,M09,"23,346","15,459","6,068","3,729","8,536","19,329"
03/01/2022,Manhattan,M10,"32,042","20,955","9,764","6,135","10,711","26,943"
03/01/2022,Manhattan,M11,"44,589","28,101","13,206","7,864","14,275","37,227"
03/01/2022,Manhattan,M12,"48,689","33,547","8,413","5,452","20,054","39,382"
03/01/2022,Queens,Q01,"24,891","15,357","5,313","3,158","14,619","24,714"
03/01/2022,Queens,Q02,"12,064","7,714","2,075","1,378","10,303","14,296"
03/01/2022,Queens,Q03,"25,351","14,949","3,339","2,113","20,540","27,056"
03/01/2022,Queens,Q04,"27,841","16,450","3,448","2,243","22,633","30,067"
03/01/2022,Queens,Q05,"20,891","12,504","3,059","1,928","12,660","18,700"
03/01/2022,Queens,Q06,"11,385","7,736","1,115",770,"7,975","12,098"
03/01/2022,Queens,Q07,"31,217","20,612","4,869","3,336","28,289","39,207"
03/01/2022,Queens,Q08,"20,077","12,046","3,540","2,114","13,916","21,310"
03/01/2022,Queens,Q09,"24,925","14,579","4,400","2,614","14,360","22,512"
03/01/2022,Queens,Q10,"17,836","10,951","2,792","1,706","10,509","16,113"
03/01/2022,Queens,Q11,"8,499","5,615","1,155",760,"8,141","10,905"
03/01/2022,Queens,Q12,"47,481","28,736","12,136","6,962","23,217","43,236"
03/01/2022,Queens,Q13,"22,704","14,483","5,040","3,127","13,736","22,618"
03/01/2022,Queens,Q14,"30,458","16,840","9,062","4,267","11,975","28,286"
03/01/2022,Staten_Island,S01,"39,898","21,537","12,946","6,084","15,406","36,128"
03/01/2022,Staten_Island,S02,"16,719","9,747","3,016","1,688","10,625","17,298"
03/01/2022,Staten_Island,S03,"12,195","7,622","1,901","1,134","7,769","12,080"
06/01/2022,Bronx,B01,"46,470","25,841","14,981","7,987","12,213","36,845"
06/01/2022,Bronx,B02,"23,238","13,062","7,592","3,863","5,879","18,493"
06/01/2022,Bronx,B03,"44,295","24,721","14,738","7,968","11,022","34,734"
06/01/2022,Bronx,B04,"57,712","33,075","17,854","9,437","16,115","44,520"
06/01/2022,Bronx,B05,"55,698","31,553","17,959","9,512","14,354","42,495"
06/01/2022,Bronx,B06,"40,649","22,517","15,465","7,832","9,473","33,593"
06/01/2022,Bronx,B07,"49,183","28,601","14,837","8,102","14,358","38,235"
06/01/2022,Bronx,B08,"18,818","11,375","4,388","2,381","7,163","15,503"
06/01/2022,Bronx,B09,"57,669","32,057","16,845","8,518","17,995","45,905"
06/01/2022,Bronx,B10,"21,125","12,782","4,973","2,683","8,422","17,441"
06/01/2022,Bronx,B11,"27,163","15,832","7,380","3,989","10,070","23,032"
06/01/2022,Bronx,B12,"41,800","23,156","15,688","7,882","12,753","36,004"
06/01/2022,Brooklyn,K01,"52,052","21,488","8,470","3,432","25,566","40,033"
06/01/2022,Brooklyn,K02,"14,335","9,820","3,970","2,558","5,346","12,661"
06/01/2022,Brooklyn,K03,"45,566","25,137","12,044","6,449","15,440","35,247"
06/01/2022,Brooklyn,K04,"24,465","15,720","4,932","2,844","9,139","19,200"
06/01/2022,Brooklyn,K05,"66,269","38,764","17,570","9,282","20,633","49,540"
06/01/2022,Brooklyn,K06,"11,164","7,365","2,887","1,707","4,174","9,888"
06/01/2022,Brooklyn,K07,"22,882","14,177","3,913","2,471","13,306","21,299"
06/01/2022,Brooklyn,K08,"20,153","13,454","5,970","3,689","7,489","17,523"
06/01/2022,Brooklyn,K09,"21,626","13,478","4,808","3,004","9,259","17,632"
06/01/2022,Brooklyn,K10,"19,367","11,615","2,739","1,734","11,283","17,597"
06/01/2022,Brooklyn,K11,"39,133","23,139","4,082","2,432","20,561","33,627"
06/01/2022,Brooklyn,K12,"64,059","21,281","12,296","3,241","33,650","51,041"
06/01/2022,Brooklyn,K13,"32,661","21,765","6,445","3,349","12,851","30,311"
06/01/2022,Brooklyn,K14,"32,535","19,281","5,749","3,380","15,312","27,315"
06/01/2022,Brooklyn,K15,"29,478","18,266","3,871","2,141","14,523","26,279"
06/01/2022,Brooklyn,K16,"38,158","22,416","14,047","7,298","9,732","31,687"
06/01/2022,Brooklyn,K17,"32,973","21,509","9,628","5,876","13,509","28,574"
06/01/2022,Brooklyn,K18,"30,461","18,820","6,739","3,777","14,504","27,122"
06/01/2022,Manhattan,M01,"1,994","1,539",410,317,"1,469","2,497"
06/01/2022,Manhattan,M02,"2,944","2,372",401,366,"2,021","3,074"
06/01/2022,Manhattan,M03,"38,493","26,291","8,272","5,380","16,685","35,077"
06/01/2022,Manhattan,M04,"13,144","10,041","3,845","2,997","5,492","12,326"
06/01/2022,Manhattan,M05,"4,325","3,555","1,784","1,422","1,773","4,805"
06/01/2022,Manhattan,M06,"5,349","4,480","1,391","1,203","3,067","5,811"
06/01/2022,Manhattan,M07,"17,664","13,000","5,041","3,476","7,567","16,831"
06/01/2022,Manhattan,M08,"6,471","4,945","1,434","1,016","4,177","7,256"
06/01/2022,Manhattan,M09,"23,121","15,171","6,215","3,862","7,984","18,890"
06/01/2022,Manhattan,M10,"31,549","20,507","9,965","6,279","9,854","26,261"
06/01/2022,Manhattan,M11,"44,275","27,773","13,554","8,068","13,138","36,366"
06/01/2022,Manhattan,M12,"48,404","33,154","8,803","5,738","18,775","38,210"
06/01/2022,Queens,Q01,"24,825","15,215","5,363","3,201","13,504","23,705"
06/01/2022,Queens,Q02,"11,907","7,608","2,096","1,415","9,599","13,612"
06/01/2022,Queens,Q03,"25,249","14,869","3,371","2,136","19,055","25,546"
06/01/2022,Queens,Q04,"28,104","16,543","3,628","2,347","21,167","28,760"
06/01/2022,Queens,Q05,"20,884","12,426","3,345","2,077","11,828","18,097"
06/01/2022,Queens,Q06,"11,397","7,732","1,147",804,"7,553","11,701"
06/01/2022,Queens,Q07,"31,905","21,028","5,048","3,470","26,683","37,729"
06/01/2022,Queens,Q08,"20,187","12,013","3,571","2,130","13,111","20,553"
06/01/2022,Queens,Q09,"24,915","14,449","4,558","2,700","13,464","21,743"
06/01/2022,Queens,Q10,"17,918","10,892","2,995","1,803","9,924","15,689"
06/01/2022,Queens,Q11,"8,755","5,733","1,224",797,"7,661","10,468"
06/01/2022,Queens,Q12,"47,083","28,232","12,139","6,969","22,254","42,452"
06/01/2022,Queens,Q13,"22,294","14,176","5,006","3,127","13,145","22,043"
06/01/2022,Queens,Q14,"30,100","16,517","9,306","4,377","11,214","27,789"
06/01/2022,Staten_Island,S01,"39,760","21,283","13,153","6,259","14,362","35,387"
06/01/2022,Staten_Island,S02,"16,840","9,730","3,153","1,752","9,969","16,716"
06/01/2022,Staten_Island,S03,"12,360","7,639","1,962","1,189","7,344","11,712"
09/01/2022,Bronx,B01,"45,640","25,511","15,253","8,140","11,820","36,780"
09/01/2022,Bronx,B02,"22,883","12,945","7,566","3,869","5,740","18,449"
09/01/2022,Bronx,B03,"44,046","24,688","15,149","8,126","10,680","34,879"
09/01/2022,Bronx,B04,"57,356","33,041","18,310","9,615","15,567","44,579"
09/01/2022,Bronx,B05,"55,413","31,556","18,481","9,809","13,922","42,870"
09/01/2022,Bronx,B06,"40,438","22,439","15,859","7,962","9,235","33,857"
09/01/2022,Bronx,B07,"49,368","28,787","15,298","8,305","14,254","38,893"
09/01/2022,Bronx,B08,"18,820","11,390","4,441","2,413","7,098","15,514"
09/01/2022,Bronx,B09,"56,900","31,803","17,330","8,772","17,672","46,111"
09/01/2022,Bronx,B10,"20,962","12,778","5,106","2,773","8,409","17,544"
09/01/2022,Bronx,B11,"27,058","15,766","7,506","4,054","10,001","23,228"
09/01/2022,Bronx,B12,"41,733","23,224","16,022","8,049","12,622","36,357"
09/01/2022,Brooklyn,K01,"51,498","21,220","8,762","3,596","24,995","39,802"
09/01/2022,Brooklyn,K02,"14,125","9,689","3,973","2,578","5,202","12,609"
09/01/2022,Brooklyn,K03,"44,606","24,578","12,321","6,554","15,057","35,280"
09/01/2022,Brooklyn,K04,"23,967","15,431","4,866","2,819","9,010","19,070"
09/01/2022,Brooklyn,K05,"65,810","38,506","17,918","9,545","19,890","49,405"
09/01/2022,Brooklyn,K06,"10,827","7,148","2,944","1,721","4,018","9,721"
09/01/2022,Brooklyn,K07,"22,841","14,168","4,023","2,536","12,866","20,990"
09/01/2022,Brooklyn,K08,"19,622","13,133","6,165","3,924","7,275","17,488"
09/01/2022,Brooklyn,K09,"21,440","13,373","4,854","2,999","9,100","17,598"
09/01/2022,Brooklyn,K10,"19,324","11,665","2,804","1,777","10,964","17,405"
09/01/2022,Brooklyn,K11,"39,946","23,612","4,377","2,593","19,972","33,500"
09/01/2022,Brooklyn,K12,"63,906","21,367","12,471","3,301","33,023","50,762"
09/01/2022,Brooklyn,K13,"33,305","22,107","6,820","3,564","12,650","30,630"
09/01/2022,Brooklyn,K14,"32,840","19,469","5,902","3,456","15,140","27,493"
09/01/2022,Brooklyn,K15,"29,929","18,476","4,099","2,256","14,336","26,505"
09/01/2022,Brooklyn,K16,"37,145","21,909","14,105","7,394","9,446","31,743"
09/01/2022,Brooklyn,K17,"32,532","21,333","9,764","5,929","13,416","28,852"
09/01/2022,Brooklyn,K18,"30,102","18,710","6,809","3,815","14,406","27,207"
09/01/2022,Manhattan,M01,"1,971","1,531",428,327,"1,472","2,509"
09/01/2022,Manhattan,M02,"2,992","2,391",430,376,"1,988","3,074"
09/01/2022,Manhattan,M03,"38,686","26,374","8,492","5,498","16,251","34,881"
09/01/2022,Manhattan,M04,"13,395","10,082","4,206","3,101","5,517","12,760"
09/01/2022,Manhattan,M05,"4,203","3,471","1,744","1,392","1,720","4,649"
09/01/2022,Manhattan,M06,"5,522","4,589","1,809","1,497","3,145","6,264"
09/01/2022,Manhattan,M07,"17,336","12,774","4,953","3,438","7,548","16,753"
09/01/2022,Manhattan,M08,"6,478","4,977","1,456","1,045","4,258","7,361"
09/01/2022,Manhattan,M09,"23,040","15,173","6,281","3,895","7,894","18,988"
09/01/2022,Manhattan,M10,"31,314","20,385","10,006","6,322","9,571","26,193"
09/01/2022,Manhattan,M11,"43,886","27,588","13,809","8,313","12,780","36,366"
09/01/2022,Manhattan,M12,"48,245","33,155","8,879","5,748","18,458","38,161"
09/01/2022,Queens,Q01,"24,756","15,159","5,555","3,266","13,326","23,970"
09/01/2022,Queens,Q02,"11,759","7,588","2,127","1,442","9,504","13,637"
09/01/2022,Queens,Q03,"25,191","14,908","3,360","2,143","18,743","25,383"
09/01/2022,Queens,Q04,"28,040","16,646","3,709","2,392","20,892","28,765"
09/01/2022,Queens,Q05,"20,830","12,428","3,343","2,103","11,699","18,078"
09/01/2022,Queens,Q06,"11,579","7,834","1,211",828,"7,558","11,781"
09/01/2022,Queens,Q07,"32,740","21,600","5,200","3,578","26,502","37,820"
09/01/2022,Queens,Q08,"20,494","12,265","3,627","2,166","13,025","20,648"
09/01/2022,Queens,Q09,"24,956","14,508","4,681","2,778","13,319","21,814"
09/01/2022,Queens,Q10,"17,900","10,910","3,092","1,826","9,790","15,762"
09/01/2022,Queens,Q11,"9,003","5,875","1,225",802,"7,608","10,475"
09/01/2022,Queens,Q12,"47,201","28,392","12,592","7,166","22,081","42,948"
09/01/2022,Queens,Q13,"22,212","14,093","5,119","3,144","13,124","22,266"
09/01/2022,Queens,Q14,"29,914","16,504","9,664","4,543","10,857","28,059"
09/01/2022,Staten_Island,S01,"39,719","21,203","13,308","6,303","13,991","35,389"
09/01/2022,Staten_Island,S02,"17,267","9,995","3,232","1,822","9,857","16,854"
09/01/2022,Staten_Island,S03,"12,474","7,744","2,127","1,263","7,336","11,935"
12/01/2022,Bronx,B01,"46,445","26,134","15,488","8,241","11,800","37,311"
12/01/2022,Bronx,B02,"23,422","13,240","7,884","4,033","5,772","18,783"
12/01/2022,Bronx,B03,"44,444","25,105","15,576","8,370","10,626","35,250"
12/01/2022,Bronx,B04,"58,250","33,662","18,671","9,835","15,716","45,185"
12/01/2022,Bronx,B05,"56,013","32,027","19,134","10,112","14,030","43,588"
12/01/2022,Bronx,B06,"41,128","22,877","16,420","8,168","9,338","34,421"
12/01/2022,Bronx,B07,"49,917","29,100","15,875","8,559","14,257","39,435"
12/01/2022,Bronx,B08,"19,124","11,612","4,634","2,509","7,192","15,887"
12/01/2022,Bronx,B09,"57,760","32,349","17,744","8,932","17,747","46,584"
12/01/2022,Bronx,B10,"21,290","13,010","5,193","2,842","8,580","17,895"
12/01/2022,Bronx,B11,"27,454","16,096","7,672","4,145","10,055","23,535"
12/01/2022,Bronx,B12,"42,761","23,728","16,786","8,425","12,784","37,328"
12/01/2022,Brooklyn,K01,"51,822","21,392","8,867","3,683","24,924","39,869"
12/01/2022,Brooklyn,K02,"14,218","9,791","3,972","2,601","5,177","12,693"
12/01/2022,Brooklyn,K03,"45,079","24,714","12,044","6,381","15,130","35,288"
12/01/2022,Brooklyn,K04,"24,171","15,522","4,780","2,743","8,966","18,981"
12/01/2022,Brooklyn,K05,"66,755","39,112","17,952","9,547","19,858","49,736"
12/01/2022,Brooklyn,K06,"10,766","7,120","2,823","1,646","3,968","9,609"
12/01/2022,Brooklyn,K07,"23,035","14,230","3,983","2,488","12,912","21,080"
12/01/2022,Brooklyn,K08,"20,005","13,338","6,397","4,121","7,312","17,632"
12/01/2022,Brooklyn,K09,"21,790","13,555","4,740","2,929","9,273","17,786"
12/01/2022,Brooklyn,K10,"19,733","11,883","2,833","1,765","11,036","17,583"
12/01/2022,Brooklyn,K11,"41,181","24,216","4,458","2,630","20,227","34,039"
12/01/2022,Brooklyn,K12,"65,401","21,745","12,600","3,297","33,223","51,157"
12/01/2022,Brooklyn,K13,"34,255","22,626","7,129","3,702","12,794","31,234"
12/01/2022,Brooklyn,K14,"33,901","19,943","6,027","3,498","15,267","27,876"
12/01/2022,Brooklyn,K15,"31,232","19,148","4,441","2,420","14,573","27,167"
12/01/2022,Brooklyn,K16,"37,538","22,101","14,146","7,366","9,490","31,723"
12/01/2022,Brooklyn,K17,"33,186","21,725","9,611","5,805","13,619","29,144"
12/01/2022,Brooklyn,K18,"30,590","19,002","6,841","3,861","14,570","27,508"
12/01/2022,Manhattan,M01,"2,025","1,595",422,313,"1,463","2,511"
12/01/2022,Manhattan,M02,"3,010","2,412",465,398,"2,028","3,137"
12/01/2022,Manhattan,M03,"38,800","26,521","8,374","5,394","16,205","35,002"
12/01/2022,Manhattan,M04,"13,519","10,143","4,563","3,256","5,528","13,079"
12/01/2022,Manhattan,M05,"4,361","3,522","3,963","2,154","1,950","6,351"
12/01/2022,Manhattan,M06,"5,653","4,696","2,264","1,932","3,250","6,791"
12/01/2022,Manhattan,M07,"17,222","12,706","4,890","3,365","7,688","16,907"
12/01/2022,Manhattan,M08,"6,535","5,019","1,459","1,052","4,387","7,517"
12/01/2022,Manhattan,M09,"23,014","15,220","6,253","3,849","7,863","18,968"
12/01/2022,Manhattan,M10,"31,560","20,520","10,159","6,353","9,580","26,339"
12/01/2022,Manhattan,M11,"43,752","27,597","13,916","8,330","12,857","36,734"
12/01/2022,Manhattan,M12,"48,657","33,458","8,993","5,774","18,695","38,603"
12/01/2022,Queens,Q01,"25,025","15,323","5,786","3,288","13,603","24,475"
12/01/2022,Queens,Q02,"11,702","7,586","2,003","1,374","9,654","13,733"
12/01/2022,Queens,Q03,"25,599","15,096","3,463","2,147","18,954","25,720"
12/01/2022,Queens,Q04,"28,395","16,912","3,576","2,312","21,043","28,954"
12/01/2022,Queens,Q05,"20,893","12,491","3,180","1,996","11,800","18,169"
12/01/2022,Queens,Q06,"11,912","7,990","1,263",846,"7,655","11,987"
12/01/2022,Queens,Q07,"33,616","22,181","5,157","3,517","26,825","38,335"
12/01/2022,Queens,Q08,"20,839","12,555","3,737","2,234","13,295","21,080"
12/01/2022,Queens,Q09,"25,344","14,751","4,628","2,740","13,612","22,179"
12/01/2022,Queens,Q10,"18,326","11,169","3,298","1,885","9,994","16,164"
12/01/2022,Queens,Q11,"9,243","6,036","1,233",808,"7,723","10,615"
12/01/2022,Queens,Q12,"48,453","29,010","12,910","7,270","22,637","44,055"
12/01/2022,Queens,Q13,"22,648","14,327","5,117","3,132","13,471","22,744"
12/01/2022,Queens,Q14,"30,351","16,763","9,947","4,703","10,990","28,305"
12/01/2022,Staten_Island,S01,"39,923","21,430","13,263","6,275","14,039","35,565"
12/01/2022,Staten_Island,S02,"17,783","10,311","3,520","1,934","10,078","17,332"
12/01/2022,Staten_Island,S03,"13,059","8,073","2,300","1,340","7,462","12,276"
03/01/2023,Bronx,B01,"47,852","27,044","16,167","8,701","12,140","38,208"
03/01/2023,Bronx,B02,"23,795","13,544","8,213","4,229","5,903","19,215"
03/01/2023,Bronx,B03,"45,613","25,869","16,051","8,679","10,865","35,939"
03/01/2023,Bronx,B04,"59,326","34,526","19,160","10,204","16,113","46,133"
03/01/2023,Bronx,B05,"57,265","32,916","19,593","10,508","14,577","44,582"
03/01/2023,Bronx,B06,"41,780","23,341","16,951","8,477","9,670","35,229"
03/01/2023,Bronx,B07,"50,687","29,730","16,202","8,836","14,578","40,033"
03/01/2023,Bronx,B08,"19,500","11,923","4,883","2,675","7,386","16,329"
03/01/2023,Bronx,B09,"58,939","33,166","18,255","9,274","18,225","47,487"
03/01/2023,Bronx,B10,"22,067","13,455","5,428","2,969","8,852","18,493"
03/01/2023,Bronx,B11,"28,177","16,512","8,070","4,382","10,354","24,143"
03/01/2023,Bronx,B12,"43,737","24,481","17,276","8,777","13,215","38,249"
03/01/2023,Brooklyn,K01,"52,621","21,934","8,868","3,736","25,123","40,110"
03/01/2023,Brooklyn,K02,"14,788","10,218","4,284","2,806","5,345","13,028"
03/01/2023,Brooklyn,K03,"46,414","25,571","12,436","6,663","15,537","35,786"
03/01/2023,Brooklyn,K04,"24,823","15,994","5,039","2,902","9,164","19,278"
03/01/2023,Brooklyn,K05,"68,706","40,427","18,648","10,046","20,410","50,677"
03/01/2023,Brooklyn,K06,"11,093","7,354","3,011","1,755","4,118","9,887"
03/01/2023,Brooklyn,K07,"23,768","14,690","4,102","2,583","13,116","21,334"
03/01/2023,Brooklyn,K08,"20,631","13,789","6,315","4,010","7,499","17,737"
03/01/2023,Brooklyn,K09,"22,557","14,086","5,005","3,117","9,573","18,275"
03/01/2023,Brooklyn,K10,"20,519","12,376","3,040","1,887","11,236","17,991"
03/01/2023,Brooklyn,K11,"42,588","24,970","5,050","2,948","20,529","34,952"
03/01/2023,Brooklyn,K12,"68,156","22,541","13,001","3,497","33,306","51,580"
03/01/2023,Brooklyn,K13,"35,393","23,336","7,797","4,104","13,094","32,182"
03/01/2023,Brooklyn,K14,"35,390","20,696","6,611","3,861","15,555","28,684"
03/01/2023,Brooklyn,K15,"32,869","19,999","5,075","2,802","14,852","28,158"
03/01/2023,Brooklyn,K16,"38,726","22,934","14,517","7,606","9,932","32,521"
03/01/2023,Brooklyn,K17,"34,737","22,725","10,202","6,189","14,180","29,878"
03/01/2023,Brooklyn,K18,"32,108","19,887","7,502","4,223","15,010","28,512"
03/01/2023,Manhattan,M01,"2,034","1,557",529,393,"1,522","2,623"
03/01/2023,Manhattan,M02,"3,136","2,500",721,507,"2,111","3,441"
03/01/2023,Manhattan,M03,"39,134","26,833","8,551","5,513","16,517","35,423"
03/01/2023,Manhattan,M04,"13,971","10,474","4,956","3,470","5,744","13,576"
03/01/2023,Manhattan,M05,"4,601","3,689","5,146","2,616","2,954","8,201"
03/01/2023,Manhattan,M06,"5,938","4,988","2,251","1,927","3,367","6,701"
03/01/2023,Manhattan,M07,"17,607","12,995","5,040","3,489","7,892","17,128"
03/01/2023,Manhattan,M08,"6,750","5,206","1,541","1,121","4,493","7,678"
03/01/2023,Manhattan,M09,"23,673","15,706","6,781","4,206","8,119","19,473"
03/01/2023,Manhattan,M10,"32,257","21,109","10,548","6,732","9,848","26,921"
03/01/2023,Manhattan,M11,"44,968","28,413","14,535","8,831","13,315","37,471"
03/01/2023,Manhattan,M12,"49,855","34,371","9,817","6,328","19,116","39,547"
03/01/2023,Queens,Q01,"25,903","15,850","6,222","3,576","13,975","25,113"
03/01/2023,Queens,Q02,"12,307","7,995","2,247","1,540","9,879","14,116"
03/01/2023,Queens,Q03,"26,477","15,653","3,720","2,311","19,229","26,127"
03/01/2023,Queens,Q04,"29,377","17,492","3,896","2,483","21,259","29,316"
03/01/2023,Queens,Q05,"21,597","12,936","3,349","2,129","12,130","18,518"
03/01/2023,Queens,Q06,"12,439","8,271","1,490",988,"7,853","12,289"
03/01/2023,Queens,Q07,"34,894","23,134","5,492","3,732","27,253","38,874"
03/01/2023,Queens,Q08,"21,612","12,920","3,920","2,340","13,548","21,358"
03/01/2023,Queens,Q09,"26,270","15,245","4,908","2,910","13,973","22,649"
03/01/2023,Queens,Q10,"19,036","11,571","3,486","2,013","10,198","16,394"
03/01/2023,Queens,Q11,"9,562","6,251","1,320",862,"7,884","10,830"
03/01/2023,Queens,Q12,"50,109","30,098","13,726","7,762","23,326","44,976"
03/01/2023,Queens,Q13,"23,430","14,876","5,423","3,323","13,771","23,146"
03/01/2023,Queens,Q14,"31,366","17,378","10,249","4,871","11,280","28,854"
03/01/2023,Staten_Island,S01,"41,354","22,254","13,748","6,571","14,403","36,303"
03/01/2023,Staten_Island,S02,"18,554","10,695","3,843","2,106","10,402","17,892"
03/01/2023,Staten_Island,S03,"13,658","8,389","2,585","1,507","7,675","12,755"
06/01/2023,Bronx,B01,"46,349","26,183","16,395","8,813","12,110","38,690"
06/01/2023,Bronx,B02,"23,412","13,355","8,543","4,433","5,835","19,588"
06/01/2023,Bronx,B03,"44,131","25,100","16,432","8,892","10,843","36,566"
06/01/2023,Bronx,B04,"57,563","33,577","19,410","10,389","16,169","46,942"
06/01/2023,Bronx,B05,"55,818","32,133","20,039","10,788","14,574","45,383"
06/01/2023,Bronx,B06,"40,514","22,664","17,068","8,608","9,753","35,805"
06/01/2023,Bronx,B07,"49,434","29,006","16,506","9,047","14,655","40,834"
06/01/2023,Bronx,B08,"19,110","11,654","5,063","2,780","7,472","16,808"
06/01/2023,Bronx,B09,"57,308","32,269","18,776","9,578","18,354","48,591"
06/01/2023,Bronx,B10,"21,561","13,134","5,628","3,091","9,028","18,999"
06/01/2023,Bronx,B11,"27,352","16,054","8,272","4,487","10,464","24,691"
06/01/2023,Bronx,B12,"42,472","23,772","17,670","8,996","13,442","39,346"
06/01/2023,Brooklyn,K01,"50,629","21,067","8,985","3,783","25,139","40,632"
06/01/2023,Brooklyn,K02,"14,245","9,866","4,478","2,945","5,430","13,389"
06/01/2023,Brooklyn,K03,"44,500","24,558","12,915","7,005","15,626","36,545"
06/01/2023,Brooklyn,K04,"23,924","15,407","5,421","3,168","9,117","19,727"
06/01/2023,Brooklyn,K05,"66,067","38,835","19,583","10,435","20,661","52,318"
06/01/2023,Brooklyn,K06,"10,636","7,053","3,203","1,851","4,114","10,109"
06/01/2023,Brooklyn,K07,"23,234","14,356","4,311","2,697","13,021","21,656"
06/01/2023,Brooklyn,K08,"19,663","13,121","6,286","3,958","7,551","18,181"
06/01/2023,Brooklyn,K09,"21,667","13,540","5,223","3,267","9,652","18,707"
06/01/2023,Brooklyn,K10,"20,142","12,146","3,280","2,012","11,381","18,529"
06/01/2023,Brooklyn,K11,"42,216","24,592","5,602","3,234","20,545","35,929"
06/01/2023,Brooklyn,K12,"66,205","21,925","13,292","3,652","33,135","52,202"
06/01/2023,Brooklyn,K13,"34,688","22,838","8,327","4,385","13,338","33,182"
06/01/2023,Brooklyn,K14,"34,506","20,140","7,186","4,227","15,691","29,570"
06/01/2023,Brooklyn,K15,"32,516","19,669","5,772","3,139","15,113","29,201"
06/01/2023,Brooklyn,K16,"37,277","22,088","15,137","8,010","9,979","33,348"
06/01/2023,Brooklyn,K17,"33,523","21,921","10,925","6,633","14,455","31,115"
06/01/2023,Brooklyn,K18,"31,258","19,351","8,105","4,590","15,245","29,586"
06/01/2023,Manhattan,M01,"1,983","1,531",597,437,"1,586","2,791"
06/01/2023,Manhattan,M02,"3,049","2,428",665,483,"2,142","3,494"
06/01/2023,Manhattan,M03,"38,308","26,251","8,451","5,441","16,719","35,854"
06/01/2023,Manhattan,M04,"13,714","10,295","5,038","3,510","6,046","14,294"
06/01/2023,Manhattan,M05,"4,601","3,681","3,908","2,155","3,403","8,677"
06/01/2023,Manhattan,M06,"5,844","4,897","2,007","1,692","3,569","7,020"
06/01/2023,Manhattan,M07,"17,071","12,623","5,079","3,489","8,118","17,639"
06/01/2023,Manhattan,M08,"6,558","5,057","1,637","1,173","4,599","7,965"
06/01/2023,Manhattan,M09,"22,928","15,175","6,899","4,298","8,114","19,827"
06/01/2023,Manhattan,M10,"30,934","20,318","10,720","6,910","9,943","27,386"
06/01/2023,Manhattan,M11,"43,279","27,391","14,615","8,770","13,551","38,230"
06/01/2023,Manhattan,M12,"48,545","33,577","10,224","6,628","19,392","40,590"
06/01/2023,Queens,Q01,"25,223","15,489","6,478","3,723","14,321","26,053"
06/01/2023,Queens,Q02,"12,130","7,884","2,356","1,614","10,061","14,555"
06/01/2023,Queens,Q03,"25,956","15,386","3,916","2,445","19,374","26,810"
06/01/2023,Queens,Q04,"28,813","17,254","4,065","2,604","21,352","29,923"
06/01/2023,Queens,Q05,"21,117","12,671","3,553","2,246","12,324","19,100"
06/01/2023,Queens,Q06,"12,470","8,289","1,638","1,076","7,986","12,745"
06/01/2023,Queens,Q07,"34,892","23,199","5,732","3,869","27,799","40,236"
06/01/2023,Queens,Q08,"21,376","12,848","4,240","2,521","13,806","22,203"
06/01/2023,Queens,Q09,"25,688","15,009","5,211","3,089","14,141","23,277"
06/01/2023,Queens,Q10,"18,570","11,299","3,569","2,080","10,401","17,004"
06/01/2023,Queens,Q11,"9,496","6,235","1,381",908,"8,066","11,216"
06/01/2023,Queens,Q12,"49,078","29,531","14,365","8,115","23,951","46,881"
06/01/2023,Queens,Q13,"23,052","14,685","5,737","3,513","14,130","24,131"
06/01/2023,Queens,Q14,"30,459","16,879","10,628","5,066","11,332","29,651"
06/01/2023,Staten_Island,S01,"40,347","21,730","14,209","6,804","14,442","37,140"
06/01/2023,Staten_Island,S02,"18,438","10,631","4,046","2,237","10,572","18,616"
06/01/2023,Staten_Island,S03,"13,390","8,294","2,680","1,593","7,812","13,207"
09/01/2023,Bronx,B01,"44,350","25,234","16,450","8,913","1,656","2,885"
09/01/2023,Bronx,B02,"22,793","13,014","8,582","4,488","2,229","3,540"
09/01/2023,Bronx,B03,"42,651","24,380","16,513","8,966","17,076","36,134"
09/01/2023,Bronx,B04,"55,705","32,521","19,897","10,602","6,479","14,611"
09/01/2023,Bronx,B05,"53,953","31,173","20,238","10,864","4,429","8,457"
09/01/2023,Bronx,B06,"39,474","22,172","17,419","8,832","3,746","7,186"
09/01/2023,Bronx,B07,"47,626","28,113","16,815","9,248","8,355","18,063"
09/01/2023,Bronx,B08,"18,617","11,371","5,131","2,821","4,765","8,197"
09/01/2023,Bronx,B09,"55,737","31,418","19,170","9,751","8,346","20,162"
09/01/2023,Bronx,B10,"20,954","12,822","5,856","3,192","10,079","27,766"
09/01/2023,Bronx,B11,"26,711","15,745","8,589","4,717","13,788","38,868"
09/01/2023,Bronx,B12,"41,305","23,189","18,173","9,232","19,942","41,423"
09/01/2023,Brooklyn,K01,"49,960","20,677","8,931","3,758","12,291","39,010"
09/01/2023,Brooklyn,K02,"13,877","9,620","4,459","2,925","5,990","19,936"
09/01/2023,Brooklyn,K03,"43,633","23,790","12,897","6,992","11,072","37,045"
09/01/2023,Brooklyn,K04,"23,002","14,786","5,329","3,130","16,470","47,773"
09/01/2023,Brooklyn,K05,"64,084","37,762","19,809","10,510","14,895","46,120"
09/01/2023,Brooklyn,K06,"10,327","6,833","3,202","1,840","10,000","36,405"
09/01/2023,Brooklyn,K07,"22,981","14,179","4,533","2,826","15,062","41,646"
09/01/2023,Brooklyn,K08,"19,135","12,768","6,454","4,010","7,696","17,071"
09/01/2023,Brooklyn,K09,"21,246","13,208","5,372","3,341","18,785","49,536"
09/01/2023,Brooklyn,K10,"19,833","11,986","3,432","2,093","9,378","19,636"
09/01/2023,Brooklyn,K11,"41,563","24,172","5,713","3,259","10,806","25,326"
09/01/2023,Brooklyn,K12,"65,458","21,640","13,197","3,648","13,846","40,501"
09/01/2023,Brooklyn,K13,"34,151","22,404","8,357","4,363","25,317","40,908"
09/01/2023,Brooklyn,K14,"33,911","19,796","7,537","4,371","5,605","13,650"
09/01/2023,Brooklyn,K15,"32,138","19,380","5,795","3,110","16,124","37,093"
09/01/2023,Brooklyn,K16,"36,451","21,547","15,277","8,088","9,284","20,025"
09/01/2023,Brooklyn,K17,"32,806","21,412","11,214","6,740","21,204","53,401"
09/01/2023,Brooklyn,K18,"30,555","18,962","8,279","4,689","4,242","10,272"
09/01/2023,Manhattan,M01,"1,920","1,498",593,435,"13,191","22,049"
09/01/2023,Manhattan,M02,"3,028","2,410",614,476,"7,749","18,543"
09/01/2023,Manhattan,M03,"37,031","25,509","8,250","5,307","9,889","19,115"
09/01/2023,Manhattan,M04,"13,156","9,855","4,807","3,338","11,625","18,910"
09/01/2023,Manhattan,M05,"4,577","3,589","3,335","1,941","21,044","36,597"
09/01/2023,Manhattan,M06,"5,675","4,695","1,926","1,580","33,385","52,345"
09/01/2023,Manhattan,M07,"16,669","12,316","5,210","3,514","13,837","33,772"
09/01/2023,Manhattan,M08,"6,403","4,940","1,711","1,211","16,164","30,393"
09/01/2023,Manhattan,M09,"22,013","14,651","6,898","4,289","15,536","29,758"
09/01/2023,Manhattan,M10,"29,696","19,638","11,004","7,042","10,297","33,913"
09/01/2023,Manhattan,M11,"42,093","26,620","14,988","8,931","15,012","32,128"
09/01/2023,Manhattan,M12,"47,360","32,837","10,489","6,817","15,869","30,634"
09/01/2023,Queens,Q01,"24,839","15,260","7,076","3,963","14,647","27,048"
09/01/2023,Queens,Q02,"12,011","7,823","2,587","1,713","10,305","15,040"
09/01/2023,Queens,Q03,"25,324","15,090","4,085","2,524","19,693","27,334"
09/01/2023,Queens,Q04,"27,962","16,881","4,313","2,718","21,676","30,504"
09/01/2023,Queens,Q05,"20,445","12,328","3,684","2,293","12,696","19,644"
09/01/2023,Queens,Q06,"12,333","8,211","1,855","1,181","8,276","13,202"
09/01/2023,Queens,Q07,"34,713","23,144","6,079","4,053","28,622","41,349"
09/01/2023,Queens,Q08,"20,945","12,703","4,377","2,632","14,217","22,764"
09/01/2023,Queens,Q09,"24,804","14,581","5,391","3,194","14,515","23,843"
09/01/2023,Queens,Q10,"18,267","11,109","3,937","2,226","10,770","17,757"
09/01/2023,Queens,Q11,"9,416","6,190","1,476",955,"8,372","11,580"
09/01/2023,Queens,Q12,"47,717","28,818","15,060","8,452","24,599","48,216"
09/01/2023,Queens,Q13,"22,470","14,393","6,121","3,751","14,653","25,072"
09/01/2023,Queens,Q14,"29,863","16,532","10,903","5,204","11,478","30,275"
09/01/2023,Staten_Island,S01,"39,613","21,313","14,603","6,928","14,703","37,898"
09/01/2023,Staten_Island,S02,"18,096","10,468","4,164","2,282","10,970","19,213"
09/01/2023,Staten_Island,S03,"13,101","8,138","2,761","1,623","8,121","13,621"
